Time,Left,Right,Ground,Push,Pull
28/08/2017 21:31:23,1,1,1,114.4,033.7
28/08/2017 21:31:36,1,1,1,114.4,033.7
28/08/2017 21:37:48,1,1,1,095.6,135.4
28/08/2017 21:37:56,1,0,1,095.6,135.4
28/08/2017 21:38:01,1,0,1,095.6,135.4
28/08/2017 21:42:23,1,1,1,095.6,135.4
28/08/2017 21:42:26,1,1,1,095.6,135.4
28/08/2017 21:42:28,1,1,1,095.6,135.4
28/08/2017 21:42:29,1,1,1,095.6,135.4
28/08/2017 21:42:29,1,1,1,095.6,135.4
28/08/2017 21:42:30,1,1,1,032.2,045.3
28/08/2017 21:42:35,1,1,1,170.1,142.1
28/08/2017 21:42:37,1,1,1,083.5,170.6
28/08/2017 21:42:38,1,1,1,189.1,102.6
28/08/2017 21:42:39,1,1,1,066.5,157.8
28/08/2017 21:42:40,1,1,1,064.2,083.0
28/08/2017 21:42:41,1,1,1,126.4,080.1
28/08/2017 21:42:42,1,1,1,097.5,191.0
28/08/2017 21:42:42,1,1,1,090.9,062.1
28/08/2017 21:42:43,1,1,1,174.6,137.4
28/08/2017 21:42:44,1,1,1,151.7,186.9
28/08/2017 21:42:44,1,1,1,063.6,083.5
28/08/2017 21:42:45,1,1,1,068.5,172.6
28/08/2017 21:42:46,1,1,1,084.4,039.6
28/08/2017 21:42:46,1,1,1,131.6,070.7
28/08/2017 21:42:47,1,1,1,097.2,068.5
28/08/2017 21:42:47,1,1,1,076.2,070.6
28/08/2017 21:42:48,1,1,1,153.7,077.3
28/08/2017 21:42:48,1,1,1,087.8,077.5
28/08/2017 21:42:49,1,1,1,060.2,032.5
28/08/2017 21:42:49,1,1,1,171.6,094.4
28/08/2017 21:42:50,1,1,1,047.1,149.6
28/08/2017 21:42:50,1,1,1,189.3,091.2
28/08/2017 21:42:51,1,1,1,038.6,080.1
28/08/2017 21:42:52,1,1,1,111.8,174.0
28/08/2017 21:42:52,1,1,1,155.1,142.8
28/08/2017 21:42:53,1,1,1,076.8,103.0
28/08/2017 21:42:53,1,1,1,152.7,070.7
28/08/2017 21:42:54,1,1,1,166.4,122.8
28/08/2017 21:42:54,1,1,1,150.3,083.3
28/08/2017 21:42:54,1,1,1,179.1,156.2
28/08/2017 21:42:55,1,1,1,096.2,134.0
28/08/2017 21:42:55,1,1,1,057.6,133.0
28/08/2017 21:42:56,1,1,1,110.4,123.6
28/08/2017 21:42:56,1,1,1,137.7,184.4
28/08/2017 21:42:57,1,1,1,099.2,152.4
28/08/2017 21:42:57,1,1,1,037.1,055.0
28/08/2017 21:42:58,1,1,1,101.9,053.4
28/08/2017 21:42:58,1,1,1,050.2,088.0
28/08/2017 21:42:59,1,1,1,039.2,087.8
28/08/2017 21:42:59,1,1,1,085.3,147.3
28/08/2017 21:43:00,1,1,1,054.8,106.2
28/08/2017 21:43:00,1,1,1,137.2,157.5
28/08/2017 21:43:01,1,1,1,108.4,113.6
28/08/2017 21:43:01,1,1,1,123.9,092.4
28/08/2017 21:43:01,1,1,1,046.3,182.4
28/08/2017 21:43:02,1,1,1,198.0,130.0
28/08/2017 21:43:02,1,1,1,125.3,144.3
28/08/2017 21:43:02,1,1,1,111.7,121.0
28/08/2017 21:43:03,1,1,1,092.4,058.1
28/08/2017 21:43:03,1,1,1,069.9,085.4
28/08/2017 21:43:03,1,1,1,084.0,160.2
28/08/2017 21:43:04,1,1,1,114.2,041.7
28/08/2017 21:43:04,1,1,1,073.0,167.9
28/08/2017 21:43:04,1,1,1,172.4,196.3
28/08/2017 21:43:05,1,1,1,095.3,099.8
28/08/2017 21:43:05,1,1,1,084.5,091.0
28/08/2017 21:43:06,1,1,1,086.1,145.0
28/08/2017 21:43:06,1,1,1,143.6,132.1
28/08/2017 21:43:06,1,1,1,157.5,033.2
28/08/2017 21:43:07,1,1,1,067.7,037.1
28/08/2017 21:43:07,1,1,1,178.2,169.5
28/08/2017 21:43:08,1,1,1,035.3,086.3
28/08/2017 21:43:08,1,1,1,189.6,033.7
28/08/2017 21:43:09,1,1,1,093.4,123.0
28/08/2017 21:43:09,1,1,1,114.0,090.1
28/08/2017 21:43:10,1,1,1,079.7,054.9
28/08/2017 21:43:10,1,1,1,161.2,053.8
28/08/2017 21:43:11,1,1,1,091.5,173.6
28/08/2017 21:43:11,1,1,1,042.8,139.5
28/08/2017 21:43:12,1,1,1,060.1,148.7
28/08/2017 21:43:12,1,1,1,159.5,142.6
28/08/2017 21:43:12,1,1,1,176.0,060.0
28/08/2017 21:43:13,1,1,1,057.0,174.7
28/08/2017 21:43:14,1,1,1,143.7,112.2
28/08/2017 21:43:14,1,1,1,157.2,160.8
28/08/2017 21:43:14,1,1,1,084.3,053.1
28/08/2017 21:43:15,1,1,1,070.5,138.3
28/08/2017 21:43:15,1,1,1,119.0,047.8
28/08/2017 21:43:16,1,1,1,110.2,185.9
28/08/2017 21:43:16,1,1,1,068.5,062.3
28/08/2017 21:43:17,1,1,1,124.0,066.6
28/08/2017 21:43:17,1,1,1,170.1,131.4
28/08/2017 21:43:18,1,1,1,099.2,060.5
28/08/2017 21:43:18,1,1,1,161.4,138.0
28/08/2017 21:43:19,1,1,1,078.0,131.2
28/08/2017 21:43:19,1,1,1,143.1,131.9
28/08/2017 21:43:20,1,1,1,084.2,068.6
28/08/2017 21:43:20,1,1,1,044.1,199.3
28/08/2017 21:43:21,1,1,1,084.8,199.7
28/08/2017 21:43:22,1,1,1,031.4,147.7
28/08/2017 21:43:25,1,1,1,147.5,083.7
28/08/2017 21:43:26,1,1,1,035.6,049.9
28/08/2017 21:43:26,1,1,1,053.3,190.9
28/08/2017 21:43:27,1,1,1,198.1,083.2
28/08/2017 21:43:27,1,1,1,096.1,074.1
28/08/2017 21:43:28,1,1,1,114.0,116.8
28/08/2017 21:43:28,1,1,1,122.0,105.2
28/08/2017 21:43:28,1,1,1,111.6,122.5
28/08/2017 21:43:29,1,1,1,140.2,176.4
28/08/2017 21:43:29,1,1,1,087.8,042.0
28/08/2017 21:43:29,1,1,1,139.8,030.1
28/08/2017 21:43:30,1,1,1,114.0,111.0
28/08/2017 21:43:30,1,1,1,163.6,148.1
28/08/2017 21:43:31,1,1,1,179.4,185.1
28/08/2017 21:43:31,1,1,1,136.6,034.5
28/08/2017 21:43:32,1,1,1,048.0,199.3
28/08/2017 21:43:32,1,1,1,164.7,104.2
28/08/2017 21:43:33,1,1,1,110.3,187.8
28/08/2017 21:43:33,1,1,1,097.9,060.9
28/08/2017 21:43:34,1,1,1,187.5,135.7
28/08/2017 21:43:34,1,1,1,089.3,060.8
28/08/2017 21:43:35,1,1,1,194.5,137.4
28/08/2017 21:43:35,1,1,1,164.1,188.4
28/08/2017 21:43:36,1,1,1,167.0,108.1
28/08/2017 21:43:36,1,1,1,137.7,081.0
28/08/2017 21:43:37,1,1,1,070.5,030.7
28/08/2017 21:43:37,1,1,1,075.4,102.4
28/08/2017 21:43:37,1,1,1,091.4,098.4
28/08/2017 21:43:38,1,1,1,153.5,103.5
28/08/2017 21:43:38,1,1,1,123.7,087.3
28/08/2017 21:43:39,1,1,1,181.1,068.1
28/08/2017 21:43:39,1,1,1,052.5,114.3
28/08/2017 21:43:40,1,1,1,083.3,056.7
28/08/2017 21:43:40,1,1,1,152.5,121.7
28/08/2017 21:43:41,1,1,1,135.0,057.2
28/08/2017 21:43:41,1,1,1,141.9,158.5
28/08/2017 21:43:42,1,1,1,179.0,151.9
28/08/2017 21:43:42,1,1,1,197.8,191.3
28/08/2017 21:43:43,1,1,1,172.7,166.0
28/08/2017 21:43:43,1,1,1,117.9,165.5
28/08/2017 21:43:44,1,1,1,122.6,191.7
28/08/2017 21:43:44,1,1,1,090.5,114.3
28/08/2017 21:43:45,1,1,1,114.1,122.5
28/08/2017 21:43:45,1,1,1,106.2,091.1
28/08/2017 21:43:46,1,1,1,080.9,068.4
28/08/2017 21:43:46,1,1,1,147.7,189.3
28/08/2017 21:43:47,1,1,1,187.5,099.3
28/08/2017 21:43:47,1,1,1,195.0,057.8
28/08/2017 21:43:48,1,1,1,078.8,155.8
28/08/2017 21:43:48,1,1,1,064.9,199.0
28/08/2017 21:43:49,1,1,1,070.5,183.9
28/08/2017 21:43:49,1,1,1,124.4,129.7
28/08/2017 21:43:50,1,1,1,128.9,038.4
28/08/2017 21:43:50,1,1,1,045.6,104.1
28/08/2017 21:43:50,1,1,1,144.9,078.2
28/08/2017 21:43:51,1,1,1,076.1,082.0
28/08/2017 21:43:51,1,1,1,175.4,034.2
28/08/2017 21:43:51,1,1,1,031.8,122.2
28/08/2017 21:43:52,1,1,1,084.4,119.8
28/08/2017 21:43:52,1,1,1,033.7,101.5
28/08/2017 21:43:52,1,1,1,040.0,159.6
28/08/2017 21:43:53,1,1,1,156.5,188.8
28/08/2017 21:43:53,1,1,1,055.5,065.7
28/08/2017 21:43:53,1,1,1,187.5,122.9
28/08/2017 21:43:54,1,1,1,099.1,054.5
28/08/2017 21:43:54,1,1,1,180.3,105.4
28/08/2017 21:43:54,1,1,1,094.7,071.0
28/08/2017 21:43:55,1,1,1,054.2,035.5
28/08/2017 21:43:55,1,1,1,143.0,173.8
28/08/2017 21:43:55,1,1,1,135.2,126.2
28/08/2017 21:43:56,1,1,1,165.8,037.4
28/08/2017 21:43:56,1,1,1,105.5,160.1
28/08/2017 21:43:57,1,1,1,197.1,132.3
28/08/2017 21:43:57,1,1,1,154.4,036.6
28/08/2017 21:43:57,1,1,1,156.0,109.0
28/08/2017 21:43:58,1,1,1,058.3,197.1
28/08/2017 21:43:58,1,1,1,079.2,104.9
28/08/2017 21:43:58,1,1,1,157.4,076.2
28/08/2017 21:43:59,1,1,1,072.1,032.7
28/08/2017 21:43:59,1,1,1,148.6,056.6
28/08/2017 21:43:59,1,1,1,127.2,102.9
28/08/2017 21:44:00,1,1,1,157.6,143.0
28/08/2017 21:44:00,1,1,1,178.7,140.6
28/08/2017 21:44:00,1,1,1,129.1,072.7
28/08/2017 21:44:01,1,1,1,064.8,058.9
28/08/2017 21:44:01,1,1,1,154.7,088.8
28/08/2017 21:44:02,1,1,1,140.0,090.6
28/08/2017 21:44:02,1,1,1,100.8,139.8
28/08/2017 21:54:52,0,0,0,000.0,000.0
28/08/2017 21:54:53,0,0,0,000.7,000.5
28/08/2017 21:54:54,0,0,0,000.7,000.5
28/08/2017 21:54:54,0,0,0,000.7,000.1
28/08/2017 21:54:55,0,0,0,000.7,000.3
28/08/2017 21:54:55,0,0,0,000.3,000.3
28/08/2017 21:54:56,0,0,0,000.6,000.4
28/08/2017 21:54:56,0,0,0,000.6,000.4
28/08/2017 21:54:57,0,0,0,000.7,000.7
28/08/2017 21:54:57,0,0,0,000.7,000.7
28/08/2017 21:54:58,0,0,0,000.8,000.7
28/08/2017 21:54:58,0,0,0,000.8,000.6
28/08/2017 21:54:59,0,0,0,000.8,000.6
28/08/2017 21:54:59,0,0,0,000.3,000.3
28/08/2017 21:55:00,0,0,0,000.3,000.3
28/08/2017 21:55:00,0,0,0,000.3,000.3
28/08/2017 21:55:01,0,0,0,000.5,000.4
28/08/2017 21:55:01,0,0,0,000.5,000.4
28/08/2017 21:55:02,0,0,0,000.5,000.4
28/08/2017 21:55:03,0,0,0,000.3,000.4
28/08/2017 21:55:03,0,0,0,000.7,000.4
28/08/2017 21:55:04,0,0,0,000.7,000.4
28/08/2017 21:55:04,0,0,0,000.7,000.4
28/08/2017 21:55:05,0,0,0,000.4,000.2
28/08/2017 21:55:05,0,0,0,000.4,000.4
28/08/2017 21:55:06,0,0,0,000.2,000.4
28/08/2017 21:55:06,0,0,0,000.7,000.4
28/08/2017 21:55:07,0,0,0,000.7,000.3
28/08/2017 21:55:07,0,0,0,000.7,000.7
28/08/2017 21:55:08,0,0,0,000.4,000.7
28/08/2017 21:55:08,0,0,0,000.4,000.7
28/08/2017 21:55:09,0,0,0,000.3,000.4
28/08/2017 21:55:09,0,0,0,000.3,000.4
28/08/2017 21:55:10,0,0,0,000.3,000.4
28/08/2017 21:55:10,0,0,0,000.5,000.4
28/08/2017 21:55:11,0,0,0,000.5,000.2
28/08/2017 21:55:38,0,0,0,000.0,000.0
28/08/2017 21:55:39,0,0,0,113.4,154.0
28/08/2017 21:55:39,0,0,0,113.4,063.7
28/08/2017 21:55:40,0,0,0,129.9,081.2
28/08/2017 21:55:40,0,0,0,129.9,081.2
28/08/2017 21:55:41,0,0,0,129.9,189.0
28/08/2017 21:55:41,0,0,0,094.3,189.0
28/08/2017 21:55:42,0,0,0,119.7,189.0
28/08/2017 21:55:42,0,0,0,119.7,150.8
28/08/2017 21:55:43,0,0,0,131.5,150.8
28/08/2017 21:55:43,0,0,0,131.5,119.8
28/08/2017 21:55:44,0,0,0,131.5,150.8
28/08/2017 21:55:44,0,0,0,085.2,150.8
28/08/2017 21:55:45,0,0,0,098.9,150.8
28/08/2017 21:55:45,0,0,0,098.9,128.4
28/08/2017 21:55:46,0,0,0,141.9,146.2
28/08/2017 21:55:46,0,0,0,141.9,146.2
28/08/2017 21:55:47,0,0,0,113.6,140.4
28/08/2017 21:55:47,0,0,0,152.6,149.5
28/08/2017 21:55:48,0,0,0,152.6,149.5
28/08/2017 21:55:48,0,0,0,162.3,150.0
28/08/2017 21:55:49,0,0,0,162.3,150.0
28/08/2017 21:55:49,0,0,0,167.4,150.0
28/08/2017 21:55:50,0,0,0,167.4,114.3
28/08/2017 21:55:50,0,0,0,167.4,114.3
28/08/2017 21:55:51,0,0,0,148.7,075.1
28/08/2017 21:55:52,0,0,0,148.7,077.6
28/08/2017 21:55:52,0,0,0,091.2,077.6
28/08/2017 21:55:53,0,0,0,123.7,127.0
28/08/2017 21:55:53,0,0,0,123.7,127.0
28/08/2017 21:55:54,0,0,0,123.7,197.9
28/08/2017 21:55:54,0,0,0,073.2,197.9
28/08/2017 21:55:55,0,0,0,155.8,197.9
28/08/2017 21:55:55,0,0,0,155.8,122.2
28/08/2017 21:55:56,0,0,0,155.8,122.2
28/08/2017 21:55:56,0,0,0,151.5,039.9
28/08/2017 21:55:57,0,0,0,151.5,144.6
28/08/2017 21:55:57,0,0,0,055.1,144.6
28/08/2017 21:55:58,0,0,0,122.2,144.6
28/08/2017 21:55:58,0,0,0,122.2,072.4
28/08/2017 21:55:59,0,0,0,162.1,094.1
28/08/2017 21:55:59,0,0,0,162.1,094.1
28/08/2017 21:56:00,0,0,0,162.1,160.3
28/08/2017 21:56:00,0,0,0,160.6,160.3
28/08/2017 21:56:01,0,0,0,160.6,160.3
28/08/2017 21:56:01,0,0,0,158.8,105.5
28/08/2017 21:56:02,0,0,0,195.8,137.0
28/08/2017 21:56:02,0,0,0,195.8,137.0
28/08/2017 21:56:03,0,0,0,195.8,148.7
28/08/2017 21:56:03,0,0,0,148.8,148.7
28/08/2017 21:56:04,0,0,0,195.9,159.2
28/08/2017 21:56:04,0,0,0,195.9,159.2
28/08/2017 21:56:05,0,0,0,195.9,159.2
28/08/2017 21:56:05,0,0,0,127.2,145.3
28/08/2017 21:56:06,0,0,0,127.2,145.3
28/08/2017 21:56:06,0,0,0,079.7,132.2
28/08/2017 21:56:07,0,0,0,091.5,210.5
28/08/2017 21:56:07,0,0,0,097.2,210.5
28/08/2017 21:56:08,0,0,0,097.2,170.1
28/08/2017 21:56:08,1,0,0,105.4,170.1
28/08/2017 21:56:09,1,1,0,105.4,145.1
28/08/2017 21:56:09,1,1,1,145.8,185.7
28/08/2017 21:56:10,1,1,1,145.8,185.7
28/08/2017 21:56:11,1,1,1,194.4,185.7
28/08/2017 21:56:11,1,1,1,194.4,031.6
28/08/2017 21:56:12,1,1,1,194.4,137.3
28/08/2017 21:56:12,1,1,1,117.3,137.3
28/08/2017 21:56:13,1,1,1,117.3,137.3
28/08/2017 21:56:13,1,1,1,055.6,111.7
28/08/2017 21:56:14,1,1,1,124.0,111.7
28/08/2017 21:56:14,1,1,1,124.0,108.9
28/08/2017 21:56:15,1,1,1,124.0,110.6
28/08/2017 21:56:15,1,1,1,068.3,110.6
28/08/2017 21:56:16,1,1,1,213.6,115.6
28/08/2017 21:56:16,1,1,1,213.6,115.6
28/08/2017 21:56:17,1,1,1,213.6,125.0
28/08/2017 21:56:17,1,1,1,070.9,125.0
28/08/2017 21:56:18,1,1,1,070.9,125.0
28/08/2017 21:56:18,1,1,1,070.6,070.7
28/08/2017 21:56:19,1,1,1,160.7,178.6
28/08/2017 21:56:19,1,1,1,160.7,178.6
28/08/2017 21:56:20,1,1,1,160.7,188.3
28/08/2017 21:56:20,1,1,1,085.3,188.3
28/08/2017 21:56:21,1,1,1,122.5,188.3
28/08/2017 21:56:21,1,1,1,122.5,059.8
28/08/2017 21:56:22,1,1,1,122.5,103.4
28/08/2017 21:56:22,1,1,1,119.3,103.4
28/08/2017 21:56:23,1,1,1,119.3,103.4
28/08/2017 21:56:23,1,1,1,074.5,053.4
28/08/2017 21:56:24,1,1,1,193.0,119.7
28/08/2017 21:56:24,1,1,1,193.0,119.7
28/08/2017 21:56:25,1,1,1,193.0,119.7
28/08/2017 21:56:25,1,1,1,044.5,113.9
28/08/2017 21:56:26,1,1,1,113.0,155.4
28/08/2017 21:56:26,1,1,1,113.0,155.4
28/08/2017 21:56:27,1,1,1,113.0,186.0
28/08/2017 21:56:27,1,1,1,060.6,186.0
28/08/2017 21:56:28,1,1,1,151.9,186.0
28/08/2017 21:56:28,1,1,1,151.9,073.5
28/08/2017 21:56:29,1,1,1,168.4,176.5
28/08/2017 21:56:29,1,1,1,168.4,206.3
28/08/2017 21:56:30,1,1,1,124.9,206.3
28/08/2017 21:56:30,1,1,1,151.9,206.3
28/08/2017 21:56:31,1,1,1,151.9,200.0
28/08/2017 21:56:31,1,1,1,181.4,200.0
28/08/2017 21:56:32,1,1,1,181.4,069.7
28/08/2017 21:56:32,1,1,1,181.4,083.5
28/08/2017 21:56:33,1,1,1,134.1,083.5
28/08/2017 21:56:34,1,1,1,134.1,185.5
28/08/2017 21:56:34,1,1,1,124.7,185.5
28/08/2017 21:56:35,1,1,1,124.7,185.5
28/08/2017 21:56:35,1,1,1,088.5,135.4
28/08/2017 21:56:36,1,1,1,088.5,135.4
28/08/2017 21:56:36,1,1,1,081.5,085.0
28/08/2017 21:56:37,1,1,1,155.6,142.3
28/08/2017 21:56:37,1,1,1,155.6,142.3
28/08/2017 21:56:38,1,1,1,164.3,175.4
28/08/2017 21:56:38,1,1,1,164.3,175.4
28/08/2017 21:56:39,1,1,1,164.3,175.4
28/08/2017 21:56:39,1,1,1,082.8,167.6
28/08/2017 21:56:40,1,1,1,134.2,167.6
28/08/2017 21:56:40,1,1,1,134.2,117.8
28/08/2017 21:56:41,1,1,1,134.2,131.3
28/08/2017 21:56:41,1,1,1,110.5,131.3
28/08/2017 21:56:42,1,1,1,155.0,131.3
28/08/2017 21:56:42,1,1,1,155.0,082.5
28/08/2017 21:56:43,1,1,1,155.0,105.3
28/08/2017 21:56:43,1,1,1,068.4,105.3
28/08/2017 21:56:44,1,1,1,161.1,134.4
28/08/2017 21:56:44,1,1,1,161.1,134.4
28/08/2017 21:56:45,1,1,1,181.3,134.4
28/08/2017 21:56:45,1,1,1,181.3,097.0
28/08/2017 21:56:46,1,1,1,184.3,136.3
28/08/2017 21:56:46,1,1,1,184.3,136.3
28/08/2017 21:56:47,1,1,1,184.3,136.3
28/08/2017 21:56:47,1,1,1,126.8,112.6
28/08/2017 21:56:48,1,1,1,126.8,157.8
28/08/2017 21:56:48,1,1,1,103.7,157.8
28/08/2017 21:56:49,1,1,1,108.3,166.2
28/08/2017 21:56:49,1,1,1,108.3,166.2
28/08/2017 21:56:50,1,1,1,108.3,191.7
28/08/2017 21:56:50,1,1,1,099.3,191.7
28/08/2017 21:56:51,1,1,1,073.0,158.3
28/08/2017 21:56:51,1,1,1,121.6,158.3
28/08/2017 21:56:52,1,1,1,121.6,097.8
28/08/2017 21:56:52,1,1,1,138.1,185.4
28/08/2017 21:56:53,1,1,1,138.1,185.4
28/08/2017 21:56:53,1,1,1,138.1,185.4
28/08/2017 21:56:54,1,1,1,108.7,105.5
28/08/2017 21:56:55,1,1,1,108.7,125.7
28/08/2017 21:56:55,1,1,1,095.3,125.7
28/08/2017 21:56:56,1,1,1,200.0,125.7
28/08/2017 21:56:56,1,1,1,200.0,110.5
28/08/2017 21:56:57,1,1,1,200.0,137.8
28/08/2017 21:56:57,1,1,1,069.1,137.8
28/08/2017 21:56:58,1,1,1,123.8,137.8
28/08/2017 21:56:58,1,1,1,123.8,059.7
28/08/2017 21:56:59,1,1,1,123.8,114.4
28/08/2017 21:56:59,1,1,1,110.0,114.4
28/08/2017 21:57:00,1,1,1,123.4,187.1
28/08/2017 21:57:00,1,1,1,123.4,187.1
28/08/2017 21:57:01,1,1,1,123.4,187.1
28/08/2017 21:57:01,1,1,1,112.1,077.7
28/08/2017 21:57:02,1,1,1,133.4,204.8
28/08/2017 21:57:02,1,1,1,133.4,204.8
28/08/2017 21:57:03,1,1,1,184.0,204.8
28/08/2017 21:57:03,1,1,1,184.0,170.0
28/08/2017 21:57:04,1,1,1,184.0,179.5
28/08/2017 21:57:04,1,1,1,081.2,179.5
28/08/2017 21:57:05,1,1,1,154.6,179.5
28/08/2017 21:57:05,1,1,1,154.6,131.1
28/08/2017 21:57:06,1,1,1,154.6,131.1
28/08/2017 21:57:06,1,1,1,139.3,051.5
28/08/2017 21:57:07,1,1,1,139.3,125.5
28/08/2017 21:57:07,1,1,1,135.7,125.5
28/08/2017 21:57:08,1,1,1,157.7,125.5
28/08/2017 21:57:08,1,1,1,157.7,120.4
28/08/2017 21:57:09,1,1,1,157.7,193.8
28/08/2017 21:57:09,1,1,1,113.6,193.8
28/08/2017 21:57:10,1,1,1,152.5,193.8
28/08/2017 21:57:10,1,1,1,152.5,045.3
28/08/2017 21:57:11,1,1,1,152.5,161.5
28/08/2017 21:57:11,1,1,1,098.4,161.5
28/08/2017 21:57:12,1,1,1,161.5,156.8
28/08/2017 21:57:12,1,1,1,161.5,156.8
28/08/2017 21:57:13,1,1,1,086.9,193.1
28/08/2017 21:57:13,1,1,1,089.4,193.1
28/08/2017 21:57:14,1,1,1,089.4,146.0
28/08/2017 21:57:14,1,1,1,089.4,146.0
28/08/2017 21:57:15,1,1,1,033.6,139.7
28/08/2017 21:57:15,1,1,1,122.3,139.7
28/08/2017 21:57:16,1,1,1,122.3,113.2
28/08/2017 21:57:16,1,1,1,122.3,157.6
28/08/2017 21:57:17,1,1,1,091.9,157.6
28/08/2017 21:57:18,1,1,1,098.9,157.6
28/08/2017 21:57:18,1,1,1,098.9,075.8
28/08/2017 21:57:19,1,1,1,098.9,114.3
28/08/2017 21:57:19,1,1,1,089.8,114.3
28/08/2017 21:57:20,1,1,1,111.9,114.3
28/08/2017 21:57:20,1,1,1,111.9,087.2
28/08/2017 21:57:21,1,1,1,111.9,116.4
28/08/2017 21:57:21,1,1,1,071.8,116.4
28/08/2017 21:57:22,1,1,1,184.8,116.4
28/08/2017 21:57:22,1,1,1,184.8,103.0
28/08/2017 21:57:23,1,1,1,184.8,106.4
28/08/2017 21:57:23,1,1,1,095.5,106.4
28/08/2017 21:57:24,1,1,1,158.1,106.4
28/08/2017 21:57:24,1,1,1,158.1,096.0
28/08/2017 21:57:25,1,1,1,158.1,149.4
28/08/2017 21:57:25,1,1,1,070.6,149.4
28/08/2017 21:57:26,1,1,1,124.6,149.4
28/08/2017 21:57:26,1,1,1,124.6,119.1
28/08/2017 21:57:27,1,1,1,142.0,119.1
28/08/2017 21:57:27,1,1,1,142.0,098.9
28/08/2017 21:57:28,1,1,1,142.0,098.9
28/08/2017 21:57:28,1,1,1,127.8,038.5
28/08/2017 21:57:29,1,1,1,161.0,112.1
28/08/2017 21:57:29,1,1,1,161.0,112.1
28/08/2017 21:57:30,1,1,1,161.0,112.1
28/08/2017 21:57:30,1,1,1,026.9,104.9
28/08/2017 21:57:31,1,1,1,102.0,133.9
28/08/2017 21:57:31,1,1,1,102.0,133.9
28/08/2017 21:57:32,1,1,1,102.0,133.9
28/08/2017 21:57:32,1,1,1,078.6,088.5
28/08/2017 21:57:33,1,1,1,078.6,204.7
28/08/2017 21:57:33,1,1,1,074.1,204.7
28/08/2017 21:57:34,1,1,1,074.1,204.7
28/08/2017 21:57:34,1,1,1,053.2,129.8
28/08/2017 21:57:35,1,1,1,170.2,129.8
28/08/2017 21:57:35,1,1,1,170.2,126.9
28/08/2017 21:57:36,1,1,1,143.5,120.5
28/08/2017 21:57:36,1,1,1,154.1,120.5
28/08/2017 21:57:37,1,1,1,154.1,093.3
28/08/2017 21:57:37,1,1,1,154.1,093.3
28/08/2017 21:57:38,1,1,1,142.8,089.1
28/08/2017 21:57:38,1,1,1,149.4,126.8
28/08/2017 21:57:39,1,1,1,149.4,126.8
28/08/2017 21:57:39,1,1,1,165.7,129.7
28/08/2017 21:57:40,1,1,1,165.7,129.7
28/08/2017 21:57:41,1,1,1,165.7,129.7
28/08/2017 21:57:41,1,1,1,127.3,114.0
28/08/2017 21:57:42,1,1,1,129.9,156.3
28/08/2017 21:57:42,1,1,1,129.9,156.3
28/08/2017 21:57:43,1,1,1,179.0,157.6
28/08/2017 21:57:43,1,1,1,179.0,157.6
28/08/2017 21:57:44,1,1,1,179.0,157.6
28/08/2017 21:57:44,1,1,1,145.9,090.6
28/08/2017 21:57:45,1,1,1,157.1,178.6
28/08/2017 21:57:45,1,1,1,157.1,178.6
28/08/2017 21:57:46,1,1,1,157.1,178.6
28/08/2017 21:57:46,1,1,1,116.9,169.9
28/08/2017 21:57:47,1,1,1,185.3,169.9
28/08/2017 21:57:47,1,1,1,185.3,146.8
28/08/2017 21:57:48,1,1,1,185.3,146.8
28/08/2017 21:57:48,1,1,1,125.9,053.8
28/08/2017 21:57:49,1,1,1,125.9,151.1
28/08/2017 21:57:49,1,1,1,061.8,151.1
28/08/2017 21:57:50,1,1,1,119.4,200.1
28/08/2017 21:57:50,1,1,1,119.4,200.1
28/08/2017 21:57:51,1,1,1,140.4,200.1
28/08/2017 21:57:51,1,1,1,140.4,169.7
28/08/2017 21:57:54,1,1,1,000.0,000.0
28/08/2017 21:58:01,1,1,1,153.3,042.3
28/08/2017 21:58:02,1,1,1,153.3,069.3
28/08/2017 21:59:00,0,0,0,000.0,000.0
28/08/2017 21:59:01,0,0,0,159.0,144.3
28/08/2017 21:59:02,0,0,0,159.0,144.3
28/08/2017 21:59:02,0,0,0,147.9,088.4
28/08/2017 21:59:03,0,0,0,147.9,101.4
28/08/2017 21:59:03,0,0,0,102.8,101.4
28/08/2017 21:59:04,0,0,0,102.8,130.0
28/08/2017 21:59:04,0,0,0,102.0,130.0
28/08/2017 21:59:05,0,0,0,172.5,130.0
28/08/2017 21:59:05,0,0,0,172.5,114.9
28/08/2017 21:59:06,0,0,0,172.5,114.9
28/08/2017 22:00:04,0,0,0,000.0,000.0
28/08/2017 22:00:07,0,0,0,175.4,087.2
28/08/2017 22:00:07,0,0,0,175.4,104.7
28/08/2017 22:00:08,0,0,0,091.5,104.7
28/08/2017 22:01:50,0,0,0,000.0,000.0
28/08/2017 22:02:10,0,0,0,139.1,126.6
28/08/2017 22:02:10,0,0,0,079.5,126.6
28/08/2017 22:02:11,0,0,0,165.3,155.6
28/08/2017 22:02:11,0,0,0,165.3,155.6
28/08/2017 22:02:12,0,0,0,165.3,155.6
28/08/2017 22:02:12,0,0,0,080.8,105.6
28/08/2017 22:02:13,0,0,0,092.5,175.1
28/08/2017 22:02:13,0,0,0,092.5,175.1
28/08/2017 22:02:14,0,0,0,207.7,175.1
28/08/2017 22:02:14,0,0,0,207.7,073.5
28/08/2017 22:02:15,0,0,0,207.7,073.5
28/08/2017 22:02:15,0,0,0,114.6,047.8
28/08/2017 22:02:16,0,0,0,099.4,033.2
28/08/2017 22:02:16,0,0,0,099.4,143.8
28/08/2017 22:02:17,0,0,0,061.2,143.8
28/08/2017 22:02:17,0,0,0,075.4,143.8
28/08/2017 22:02:18,0,0,0,075.4,111.7
28/08/2017 22:02:18,0,0,0,136.2,111.7
28/08/2017 22:02:19,0,0,0,136.2,077.5
28/08/2017 22:02:20,0,0,0,136.2,077.5
28/08/2017 22:02:20,0,0,0,093.8,062.5
28/08/2017 22:02:21,0,0,0,113.2,177.0
28/08/2017 22:02:21,0,0,0,113.2,177.0
28/08/2017 22:02:22,0,0,0,113.2,177.0
28/08/2017 22:02:22,0,0,0,053.2,093.4
28/08/2017 22:02:23,0,0,0,079.6,161.7
28/08/2017 22:02:23,0,0,0,079.6,161.7
28/08/2017 22:02:24,0,0,0,150.8,161.7
28/08/2017 22:02:24,0,0,0,150.8,145.6
28/08/2017 22:02:25,0,0,0,150.8,145.6
28/08/2017 22:02:25,0,0,0,105.6,084.9
28/08/2017 22:02:26,0,0,0,172.6,145.2
28/08/2017 22:02:26,0,0,0,172.6,145.2
28/08/2017 22:02:27,0,0,0,172.6,145.2
28/08/2017 22:02:27,0,0,0,131.4,097.9
28/08/2017 22:02:28,0,0,0,177.6,097.9
28/08/2017 22:02:28,0,0,0,177.6,067.0
28/08/2017 22:02:29,0,0,0,177.6,067.0
28/08/2017 22:02:29,0,0,0,081.3,054.4
28/08/2017 22:02:30,0,0,0,154.5,098.2
28/08/2017 22:02:30,0,0,0,154.5,098.2
28/08/2017 22:02:31,0,0,0,154.5,103.9
28/08/2017 22:02:31,0,0,0,089.0,103.9
28/08/2017 22:02:32,0,0,0,089.0,103.9
28/08/2017 22:02:32,0,0,0,070.4,032.7
28/08/2017 22:02:33,0,0,0,112.5,150.5
28/08/2017 22:02:33,0,0,0,112.5,150.5
28/08/2017 22:02:34,0,0,0,112.5,150.5
28/08/2017 22:02:34,0,0,0,095.0,128.1
28/08/2017 22:02:35,0,0,0,104.2,128.1
28/08/2017 22:02:35,0,0,0,104.2,033.5
28/08/2017 22:02:36,0,0,0,104.2,170.0
28/08/2017 22:02:36,0,0,0,054.5,170.0
28/08/2017 22:02:37,0,0,0,096.8,102.2
28/08/2017 22:02:37,0,0,0,169.9,169.5
28/08/2017 22:02:38,0,0,0,169.9,169.5
28/08/2017 22:02:38,0,0,0,169.9,169.5
28/08/2017 22:02:39,0,0,0,088.7,129.5
28/08/2017 22:02:39,0,0,0,188.2,131.7
28/08/2017 22:02:40,0,0,0,188.2,131.7
28/08/2017 22:02:40,0,0,0,188.2,131.7
28/08/2017 22:02:41,0,0,0,108.7,066.0
28/08/2017 22:02:42,0,0,0,161.7,157.1
28/08/2017 22:02:42,0,0,0,161.7,157.1
28/08/2017 22:02:43,0,0,0,161.7,157.1
28/08/2017 22:02:43,0,0,0,047.2,097.5
28/08/2017 22:02:44,0,0,0,152.5,178.4
28/08/2017 22:02:44,0,0,0,152.5,178.4
28/08/2017 22:02:45,0,0,0,162.9,178.4
28/08/2017 22:02:45,0,0,0,162.9,037.0
28/08/2017 22:02:46,0,0,0,162.9,037.0
28/08/2017 22:02:46,0,0,0,074.1,021.6
28/08/2017 22:02:47,0,0,0,074.1,123.3
28/08/2017 22:02:47,0,0,0,067.9,123.3
28/08/2017 22:02:48,0,0,0,129.4,191.9
28/08/2017 22:02:48,0,0,0,129.4,191.9
28/08/2017 22:02:49,0,0,0,196.0,191.9
28/08/2017 22:02:49,0,0,0,196.0,099.0
28/08/2017 22:02:50,0,0,0,196.0,164.6
28/08/2017 22:02:50,0,0,0,103.4,164.6
28/08/2017 22:02:51,0,0,0,144.7,164.6
28/08/2017 22:02:51,0,0,0,144.7,148.3
28/08/2017 22:02:52,0,0,0,144.7,148.3
28/08/2017 22:02:52,0,0,0,086.9,112.8
28/08/2017 22:02:53,0,0,0,086.9,112.8
28/08/2017 22:02:53,0,0,0,080.2,072.9
28/08/2017 22:02:54,0,0,0,080.2,072.9
28/08/2017 22:02:54,0,0,0,038.9,049.1
28/08/2017 22:02:55,0,0,0,089.9,055.5
28/08/2017 22:02:55,0,0,0,089.9,055.5
28/08/2017 22:02:56,0,0,0,089.9,093.2
28/08/2017 22:02:56,0,0,0,067.5,093.2
28/08/2017 22:02:57,0,0,0,064.1,088.5
28/08/2017 22:02:57,0,0,0,064.1,129.5
28/08/2017 22:02:58,0,0,0,057.5,129.5
28/08/2017 22:02:58,0,0,0,163.6,129.5
28/08/2017 22:02:59,0,0,0,163.6,123.9
28/08/2017 22:02:59,0,0,0,163.6,123.9
28/08/2017 22:03:00,0,0,0,161.3,109.2
28/08/2017 22:03:03,0,0,0,000.0,000.0
28/08/2017 22:03:13,0,0,0,122.3,168.6
28/08/2017 22:03:13,0,0,0,179.0,168.5
28/08/2017 22:03:14,0,0,0,177.0,139.9
28/08/2017 22:03:14,0,0,0,153.6,173.7
28/08/2017 22:03:15,0,0,0,124.7,180.5
28/08/2017 22:03:15,0,0,0,121.3,137.2
28/08/2017 22:03:16,0,0,0,125.7,091.5
28/08/2017 22:03:16,0,0,0,137.9,117.4
28/08/2017 22:03:17,0,0,0,138.0,171.0
28/08/2017 22:03:18,0,0,0,112.9,169.7
28/08/2017 22:03:18,0,0,0,069.1,102.8
28/08/2017 22:03:19,0,0,0,086.5,173.3
28/08/2017 22:03:19,0,0,0,090.9,187.1
28/08/2017 22:03:20,0,0,0,124.5,145.1
28/08/2017 22:03:20,0,0,0,133.0,176.3
28/08/2017 22:03:21,0,0,0,122.4,195.2
28/08/2017 22:03:21,0,0,0,123.7,184.8
28/08/2017 22:03:22,0,0,0,133.5,134.5
28/08/2017 22:03:22,0,0,0,129.3,132.9
28/08/2017 22:03:23,0,0,0,094.7,175.7
28/08/2017 22:03:23,0,0,0,059.9,167.8
28/08/2017 22:03:24,0,0,0,078.2,162.0
28/08/2017 22:03:24,0,0,0,096.9,158.5
28/08/2017 22:03:25,0,0,0,094.5,084.9
28/08/2017 22:03:25,0,0,0,136.2,096.4
28/08/2017 22:03:26,0,0,0,129.5,072.9
28/08/2017 22:03:26,0,0,0,162.6,084.4
28/08/2017 22:03:27,0,0,0,159.6,097.8
28/08/2017 22:03:27,0,0,0,169.7,145.4
28/08/2017 22:03:28,0,0,0,167.7,174.6
28/08/2017 22:03:28,0,0,0,122.9,161.1
28/08/2017 22:03:29,0,0,0,112.3,089.6
28/08/2017 22:03:29,0,0,0,161.3,066.4
28/08/2017 22:03:30,0,0,0,154.8,079.8
28/08/2017 22:03:30,0,0,0,137.5,082.9
28/08/2017 22:03:31,0,0,0,135.8,098.2
28/08/2017 22:03:31,0,0,0,150.7,130.3
28/08/2017 22:03:32,0,0,0,154.4,125.0
28/08/2017 22:03:32,0,0,0,168.8,106.1
28/08/2017 22:03:33,0,0,0,178.2,120.2
28/08/2017 22:03:33,0,0,0,162.9,144.1
28/08/2017 22:03:34,0,0,0,163.4,156.3
28/08/2017 22:03:34,0,0,0,112.9,116.8
28/08/2017 22:03:35,0,0,0,102.4,098.8
28/08/2017 22:03:35,0,0,0,103.7,094.1
28/08/2017 22:03:36,0,0,0,120.4,103.6
28/08/2017 22:03:36,0,0,0,149.4,148.4
28/08/2017 22:03:37,0,0,0,140.8,153.0
28/08/2017 22:03:37,0,0,0,095.8,120.7
28/08/2017 22:03:38,0,0,0,082.2,100.2
28/08/2017 22:03:39,0,0,0,082.8,085.7
28/08/2017 22:03:39,0,0,0,087.4,097.3
28/08/2017 22:03:40,0,0,0,119.2,140.1
28/08/2017 22:03:40,0,0,0,129.0,138.6
28/08/2017 22:03:41,0,0,0,108.2,170.1
28/08/2017 22:03:41,0,0,0,090.2,169.8
28/08/2017 22:03:42,0,0,0,123.8,145.7
28/08/2017 22:03:42,0,0,0,129.2,138.3
28/08/2017 22:03:43,0,0,0,121.7,123.5
28/08/2017 22:03:43,0,0,0,109.0,100.2
28/08/2017 22:03:44,0,0,0,153.5,103.5
28/08/2017 22:03:44,1,1,1,139.4,114.2
28/08/2017 22:03:45,1,1,1,146.3,180.4
28/08/2017 22:03:45,1,1,1,134.8,175.4
28/08/2017 22:03:46,1,1,1,090.8,131.4
28/08/2017 22:03:46,1,1,1,075.4,096.3
28/08/2017 22:03:47,1,1,1,120.5,090.5
28/08/2017 22:03:47,1,1,1,159.4,091.1
28/08/2017 22:03:48,1,1,1,161.8,092.1
28/08/2017 22:03:48,1,1,1,147.5,102.9
28/08/2017 22:03:49,1,1,1,096.5,089.1
28/08/2017 22:03:49,1,1,1,166.1,083.7
28/08/2017 22:03:50,1,1,1,173.2,092.8
28/08/2017 22:03:50,1,1,1,167.9,096.2
28/08/2017 22:03:51,1,1,1,090.1,083.7
28/08/2017 22:03:51,1,1,1,152.3,130.3
28/08/2017 22:03:52,1,1,1,164.7,137.7
28/08/2017 22:03:52,1,1,1,167.7,144.5
28/08/2017 22:03:53,1,1,1,135.2,145.9
28/08/2017 22:03:53,1,1,1,153.5,124.3
28/08/2017 22:03:54,1,1,1,182.9,131.7
28/08/2017 22:03:54,1,1,1,188.2,176.2
28/08/2017 22:03:55,1,1,1,164.6,175.9
28/08/2017 22:03:55,1,1,1,135.9,125.7
28/08/2017 22:03:56,1,1,1,066.7,112.0
28/08/2017 22:03:56,1,1,1,108.3,099.5
28/08/2017 22:03:57,1,1,1,130.9,117.9
28/08/2017 22:03:57,1,1,1,174.7,144.7
28/08/2017 22:03:58,1,1,1,179.0,147.0
28/08/2017 22:03:58,1,1,1,144.0,143.5
28/08/2017 22:03:59,1,1,1,088.1,167.3
28/08/2017 22:03:59,1,1,1,083.0,178.0
28/08/2017 22:04:00,1,1,1,139.3,163.6
28/08/2017 22:04:00,1,1,1,163.6,159.1
28/08/2017 22:04:01,1,1,1,169.0,139.5
28/08/2017 22:04:01,1,1,1,109.5,154.9
28/08/2017 22:04:02,1,1,1,100.1,150.0
28/08/2017 22:04:02,1,1,1,097.6,127.2
28/08/2017 22:04:03,1,1,1,082.8,131.0
28/08/2017 22:04:03,1,1,1,083.2,142.2
28/08/2017 22:04:04,1,1,1,112.5,168.9
28/08/2017 22:04:05,1,1,1,145.3,166.4
28/08/2017 22:04:05,1,1,1,152.9,138.5
28/08/2017 22:04:06,1,1,1,135.1,130.3
28/08/2017 22:04:06,1,1,1,131.3,127.0
28/08/2017 22:04:07,1,1,1,150.9,093.2
28/08/2017 22:04:07,1,1,1,139.7,108.5
28/08/2017 22:04:08,1,1,1,103.3,140.4
28/08/2017 22:04:08,1,1,1,111.8,172.0
28/08/2017 22:04:09,1,1,1,152.1,179.1
28/08/2017 22:04:09,1,1,1,155.1,163.1
28/08/2017 22:04:10,1,1,1,163.0,102.4
28/08/2017 22:04:10,1,1,1,159.5,096.0
28/08/2017 22:04:11,1,1,1,079.9,109.8
28/08/2017 22:04:11,1,1,1,144.1,125.6
28/08/2017 22:04:12,1,1,1,161.7,135.7
28/08/2017 22:04:12,1,1,1,164.3,134.1
28/08/2017 22:04:13,1,1,1,160.9,120.5
28/08/2017 22:04:13,1,1,1,127.5,169.8
28/08/2017 22:04:14,1,1,1,098.1,204.4
28/08/2017 22:04:14,1,1,1,095.2,188.8
28/08/2017 22:04:15,1,1,1,078.2,074.8
28/08/2017 22:04:15,1,1,1,082.5,085.2
28/08/2017 22:04:16,1,1,1,097.7,085.7
28/08/2017 22:04:16,1,1,1,116.9,099.0
28/08/2017 22:04:17,1,1,1,148.9,146.4
28/08/2017 22:04:17,1,1,1,132.8,147.5
28/08/2017 22:04:18,1,1,1,142.3,138.0
28/08/2017 22:04:18,1,1,1,152.8,128.2
28/08/2017 22:04:19,1,1,1,159.6,072.5
28/08/2017 22:04:19,1,1,1,157.2,089.3
28/08/2017 22:04:20,1,1,1,138.6,091.7
28/08/2017 22:04:20,1,1,1,123.5,108.7
28/08/2017 22:04:21,1,1,1,115.1,106.9
28/08/2017 22:04:21,1,1,1,102.5,065.9
28/08/2017 22:04:22,1,1,1,170.3,078.3
28/08/2017 22:04:22,1,1,1,183.5,103.3
28/08/2017 22:04:23,1,1,1,185.1,132.9
28/08/2017 22:04:23,1,1,1,199.1,139.7
28/08/2017 22:04:24,1,1,1,199.7,136.6
28/08/2017 22:04:25,1,1,1,156.2,165.7
28/08/2017 22:04:25,1,1,1,146.2,165.7
28/08/2017 22:04:26,1,1,1,139.6,130.6
28/08/2017 22:04:26,1,1,1,175.2,129.9
28/08/2017 22:04:27,1,1,1,174.1,156.3
28/08/2017 22:04:27,1,1,1,140.3,162.9
28/08/2017 22:04:28,1,1,1,114.9,160.6
28/08/2017 22:04:28,1,1,1,101.5,121.1
28/08/2017 22:04:29,1,1,1,134.1,147.2
28/08/2017 22:04:29,1,1,1,112.8,147.2
28/08/2017 22:04:30,1,1,1,073.9,103.6
28/08/2017 22:04:30,1,1,1,072.7,090.7
28/08/2017 22:04:31,1,1,1,070.2,148.5
28/08/2017 22:04:31,1,1,1,062.9,143.8
28/08/2017 22:04:32,1,1,1,048.8,176.2
28/08/2017 22:04:32,1,1,1,173.4,157.9
28/08/2017 22:04:33,1,1,1,180.2,105.4
28/08/2017 22:04:33,1,1,1,204.2,157.4
28/08/2017 22:04:34,1,1,1,204.3,157.0
28/08/2017 22:04:34,1,1,1,166.8,170.9
28/08/2017 22:04:35,1,1,1,110.9,142.7
28/08/2017 22:04:35,1,1,1,123.5,110.9
28/08/2017 22:04:36,1,1,1,124.2,103.4
28/08/2017 22:04:36,1,1,1,062.6,074.4
28/08/2017 22:04:37,1,1,1,066.1,067.7
28/08/2017 22:04:37,1,1,1,130.4,119.6
28/08/2017 22:04:38,1,1,1,140.3,129.0
28/08/2017 22:04:38,1,1,1,134.2,121.4
28/08/2017 22:04:39,1,1,1,125.1,115.5
28/08/2017 22:04:42,1,1,1,000.0,000.0
28/08/2017 22:04:45,1,1,1,094.2,102.9
28/08/2017 22:04:46,1,1,1,135.5,138.7
28/08/2017 22:04:46,1,1,1,190.3,172.3
28/08/2017 22:04:46,1,1,1,194.9,172.5
28/08/2017 22:04:46,1,1,1,187.8,163.2
28/08/2017 22:04:46,1,1,1,180.3,175.8
28/08/2017 22:04:47,1,1,1,154.6,177.3
28/08/2017 22:04:47,1,1,1,133.1,173.1
28/08/2017 22:04:47,1,1,1,126.8,152.1
28/08/2017 22:04:47,1,1,1,126.6,137.2
28/08/2017 22:04:47,1,1,1,134.2,139.7
28/08/2017 22:04:48,1,1,1,153.6,130.1
28/08/2017 22:04:48,1,1,1,172.6,108.4
28/08/2017 22:04:48,1,1,1,177.8,098.2
28/08/2017 22:04:48,1,1,1,172.8,086.3
28/08/2017 22:04:49,1,1,1,162.4,057.7
28/08/2017 22:04:49,1,1,1,127.3,078.2
28/08/2017 22:04:49,1,1,1,102.0,104.6
28/08/2017 22:04:49,1,1,1,069.0,115.6
28/08/2017 22:04:49,1,1,1,067.5,112.6
28/08/2017 22:04:50,1,1,1,057.0,090.7
28/08/2017 22:04:50,1,1,1,051.2,098.9
28/08/2017 22:04:50,1,1,1,043.2,095.7
28/08/2017 22:04:50,1,1,1,061.1,090.2
28/08/2017 22:04:50,1,1,1,074.9,108.7
28/08/2017 22:04:51,1,1,1,117.6,118.7
28/08/2017 22:04:51,1,1,1,149.5,108.8
28/08/2017 22:04:51,1,1,1,146.0,076.8
28/08/2017 22:04:51,1,1,1,161.7,089.4
28/08/2017 22:04:51,1,1,1,176.8,097.1
28/08/2017 22:04:52,1,1,1,179.6,121.9
28/08/2017 22:04:52,1,1,1,170.1,120.8
28/08/2017 22:04:52,1,1,1,151.8,128.5
28/08/2017 22:04:52,1,1,1,152.9,160.8
28/08/2017 22:04:53,1,1,1,151.6,156.9
28/08/2017 22:04:53,1,1,1,128.8,152.4
28/08/2017 22:04:53,1,1,1,130.3,127.8
28/08/2017 22:04:53,1,1,1,131.6,107.4
28/08/2017 22:04:53,1,1,1,130.1,094.0
28/08/2017 22:04:54,1,1,1,140.4,085.9
28/08/2017 22:04:54,1,1,1,156.9,098.6
28/08/2017 22:04:54,1,1,1,166.3,123.5
28/08/2017 22:04:54,1,1,1,160.9,131.9
28/08/2017 22:04:54,1,1,1,148.5,131.9
28/08/2017 22:04:55,1,1,1,137.0,112.3
28/08/2017 22:04:55,1,1,1,132.4,084.0
28/08/2017 22:04:55,1,1,1,139.9,086.0
28/08/2017 22:04:55,1,1,1,138.0,090.3
28/08/2017 22:04:55,1,1,1,141.2,146.5
28/08/2017 22:04:56,1,1,1,142.5,169.3
28/08/2017 22:04:56,1,1,1,151.3,188.7
28/08/2017 22:04:56,1,1,1,152.7,199.5
28/08/2017 22:04:56,1,1,1,142.6,190.5
28/08/2017 22:04:57,1,1,1,143.4,173.8
28/08/2017 22:04:57,1,1,1,176.7,140.0
28/08/2017 22:04:57,1,1,1,177.4,116.6
28/08/2017 22:04:57,1,1,1,162.3,096.5
28/08/2017 22:04:57,1,1,1,170.3,120.9
28/08/2017 22:04:58,1,1,1,169.1,135.4
28/08/2017 22:04:58,1,1,1,160.3,140.7
28/08/2017 22:04:58,1,1,1,139.6,130.8
28/08/2017 22:04:58,1,1,1,132.8,135.4
28/08/2017 22:04:58,1,1,1,136.4,133.2
28/08/2017 22:04:59,1,1,1,108.9,133.6
28/08/2017 22:04:59,1,1,1,086.4,100.4
28/08/2017 22:04:59,1,1,1,097.1,088.4
28/08/2017 22:04:59,1,1,1,095.4,094.4
28/08/2017 22:04:59,1,1,1,073.1,088.9
28/08/2017 22:05:00,1,1,1,060.2,071.7
28/08/2017 22:05:00,1,1,1,067.3,052.2
28/08/2017 22:05:00,1,1,1,064.3,034.3
28/08/2017 22:05:00,1,1,1,069.9,045.3
28/08/2017 22:05:00,1,1,1,103.1,093.3
28/08/2017 22:05:01,1,1,1,102.5,146.4
28/08/2017 22:05:01,1,1,1,065.6,173.1
28/08/2017 22:05:01,1,1,1,056.2,175.5
28/08/2017 22:05:01,1,1,1,098.7,177.9
28/08/2017 22:05:02,1,1,1,101.1,148.5
28/08/2017 22:05:02,1,1,1,093.1,134.2
28/08/2017 22:05:02,1,1,1,055.6,120.4
28/08/2017 22:05:02,1,1,1,054.8,116.3
28/08/2017 22:05:02,1,1,1,077.9,139.8
28/08/2017 22:05:03,1,1,1,121.1,149.5
28/08/2017 22:05:03,1,1,1,134.5,147.9
28/08/2017 22:05:03,1,1,1,145.1,158.2
28/08/2017 22:05:03,1,1,1,154.9,167.7
28/08/2017 22:05:03,1,1,1,152.9,167.5
28/08/2017 22:05:04,1,1,1,127.2,157.0
28/08/2017 22:05:04,1,1,1,113.5,135.5
28/08/2017 22:05:04,1,1,1,095.5,102.4
28/08/2017 22:05:04,1,1,1,100.5,108.7
28/08/2017 22:05:05,1,1,1,122.3,104.8
28/08/2017 22:05:05,1,1,1,131.1,098.0
28/08/2017 22:05:05,1,1,1,128.3,099.0
28/08/2017 22:05:05,1,1,1,109.8,091.1
28/08/2017 22:05:05,1,1,1,155.2,084.4
28/08/2017 22:05:06,1,1,1,177.0,111.7
28/08/2017 22:05:06,1,1,1,181.0,156.2
28/08/2017 22:05:06,1,1,1,181.8,194.7
28/08/2017 22:05:06,1,1,1,194.4,194.4
28/08/2017 22:05:06,1,1,1,193.7,152.0
28/08/2017 22:05:07,1,1,1,168.3,121.5
28/08/2017 22:05:07,1,1,1,130.4,105.6
28/08/2017 22:05:07,1,1,1,120.7,093.8
28/08/2017 22:05:07,1,1,1,112.8,076.3
28/08/2017 22:05:08,1,1,1,117.4,099.3
28/08/2017 22:05:08,1,1,1,112.7,099.7
28/08/2017 22:05:08,1,1,1,112.1,093.6
28/08/2017 22:05:08,1,1,1,092.3,101.3
28/08/2017 22:05:08,1,1,1,090.8,138.8
28/08/2017 22:05:09,1,1,1,081.9,139.7
28/08/2017 22:05:09,1,1,1,101.0,133.4
28/08/2017 22:05:09,1,1,1,097.1,099.5
28/08/2017 22:05:09,1,1,1,093.8,084.8
28/08/2017 22:05:09,1,1,1,120.5,081.7
28/08/2017 22:05:10,1,1,1,153.6,078.1
28/08/2017 22:05:10,1,1,1,173.0,090.6
28/08/2017 22:05:10,1,1,1,165.9,087.3
28/08/2017 22:05:10,1,1,1,167.2,084.6
28/08/2017 22:05:10,1,1,1,161.3,087.9
28/08/2017 22:05:11,1,1,1,157.8,087.8
28/08/2017 22:05:11,1,1,1,150.1,076.3
28/08/2017 22:05:11,1,1,1,144.5,076.6
28/08/2017 22:05:11,1,1,1,144.5,101.3
28/08/2017 22:05:12,1,1,1,147.5,130.1
28/08/2017 22:05:12,1,1,1,149.4,127.7
28/08/2017 22:05:12,1,1,1,149.0,121.3
28/08/2017 22:05:12,1,1,1,142.8,111.3
28/08/2017 22:05:12,1,1,1,119.9,120.8
28/08/2017 22:05:13,1,1,1,105.2,136.6
28/08/2017 22:05:13,1,1,1,101.6,166.7
28/08/2017 22:05:13,1,1,1,091.9,169.4
28/08/2017 22:05:13,1,1,1,128.9,172.0
28/08/2017 22:05:13,1,1,1,129.3,158.1
28/08/2017 22:05:14,1,1,1,124.9,152.7
28/08/2017 22:05:14,1,1,1,107.9,110.6
28/08/2017 22:05:14,1,1,1,082.7,104.7
28/08/2017 22:05:14,1,1,1,082.2,107.5
28/08/2017 22:05:15,1,1,1,129.6,098.5
28/08/2017 22:05:15,1,1,1,137.2,166.6
28/08/2017 22:05:15,1,1,1,152.8,172.3
28/08/2017 22:05:15,1,1,1,157.2,169.1
28/08/2017 22:05:15,1,1,1,164.8,164.0
28/08/2017 22:05:16,1,1,1,159.7,153.4
28/08/2017 22:05:16,1,1,1,146.6,153.7
28/08/2017 22:05:16,1,1,1,150.7,154.0
28/08/2017 22:05:16,1,1,1,140.2,148.6
28/08/2017 22:05:16,1,1,1,175.5,138.9
28/08/2017 22:05:17,1,1,1,176.9,134.5
28/08/2017 22:05:17,1,1,1,140.7,154.2
28/08/2017 22:05:17,1,1,1,118.9,156.7
28/08/2017 22:05:17,1,1,1,123.4,152.9
28/08/2017 22:05:18,1,1,1,125.2,113.2
28/08/2017 22:05:18,1,1,1,164.5,119.3
28/08/2017 22:05:18,1,1,1,172.8,132.1
28/08/2017 22:05:18,1,1,1,168.7,131.4
28/08/2017 22:05:18,1,1,1,153.3,152.0
28/08/2017 22:05:19,1,1,1,121.7,157.0
28/08/2017 22:05:19,1,1,1,086.0,157.3
28/08/2017 22:05:19,1,1,1,081.5,144.4
28/08/2017 22:05:19,1,1,1,082.2,134.7
28/08/2017 22:05:19,1,1,1,086.7,133.1
28/08/2017 22:05:20,1,1,1,085.5,140.0
28/08/2017 22:05:20,1,1,1,081.2,166.3
28/08/2017 22:05:20,1,1,1,068.7,169.7
28/08/2017 22:05:20,1,1,1,067.5,158.5
28/08/2017 22:05:21,1,1,1,085.1,141.7
28/08/2017 22:05:21,1,1,1,120.6,121.8
28/08/2017 22:05:21,1,1,1,165.3,110.4
28/08/2017 22:05:21,1,1,1,170.1,069.9
28/08/2017 22:05:21,1,1,1,148.2,075.4
28/08/2017 22:05:22,1,1,1,115.7,080.9
28/08/2017 22:05:22,1,1,1,097.0,088.2
28/08/2017 22:05:22,1,1,1,085.1,094.0
28/08/2017 22:05:22,1,1,1,084.1,094.7
28/08/2017 22:05:22,1,1,1,136.7,085.7
28/08/2017 22:05:23,1,1,1,175.6,049.0
28/08/2017 22:05:23,1,1,1,190.4,052.5
28/08/2017 22:05:23,1,1,1,188.3,068.3
28/08/2017 22:05:23,1,1,1,185.4,085.1
28/08/2017 22:05:23,1,1,1,169.4,122.0
28/08/2017 22:05:24,1,1,1,132.9,143.2
28/08/2017 22:05:24,1,1,1,110.8,158.0
28/08/2017 22:05:24,1,1,1,080.1,154.5
28/08/2017 22:05:24,1,1,1,093.8,157.3
28/08/2017 22:05:25,1,1,1,107.4,175.3
28/08/2017 22:05:25,1,1,1,104.6,166.7
28/08/2017 22:05:25,1,1,1,086.0,113.4
28/08/2017 22:05:25,1,1,1,092.2,090.8
28/08/2017 22:05:25,1,1,1,079.7,107.2
28/08/2017 22:05:26,1,1,1,070.5,119.2
28/08/2017 22:05:26,1,1,1,050.4,132.5
28/08/2017 22:05:26,1,1,1,054.5,142.4
28/08/2017 22:05:26,1,1,1,054.3,159.6
28/08/2017 22:05:26,1,1,1,084.0,162.5
28/08/2017 22:05:27,1,1,1,091.4,153.0
28/08/2017 22:05:27,1,1,1,088.0,117.5
28/08/2017 22:05:27,1,1,1,096.2,061.0
28/08/2017 22:05:27,1,1,1,087.4,089.7
28/08/2017 22:05:27,1,1,1,123.5,096.4
28/08/2017 22:05:28,1,1,1,129.2,108.0
28/08/2017 22:05:28,1,1,1,111.0,119.7
28/08/2017 22:05:28,1,1,1,114.8,115.7
28/08/2017 22:05:28,1,1,1,112.3,110.6
28/08/2017 22:05:29,1,1,1,105.4,099.0
28/08/2017 22:05:29,1,1,1,136.1,096.5
28/08/2017 22:05:29,1,1,1,138.9,104.8
28/08/2017 22:05:29,1,1,1,144.0,086.2
28/08/2017 22:05:29,1,1,1,140.1,085.9
28/08/2017 22:05:30,1,1,1,128.3,087.0
28/08/2017 22:05:30,1,1,1,118.0,085.2
28/08/2017 22:05:30,1,1,1,101.8,073.7
28/08/2017 22:05:30,1,1,1,073.5,098.3
28/08/2017 22:05:30,1,1,1,113.1,105.4
28/08/2017 22:05:31,1,1,1,131.4,107.2
28/08/2017 22:05:31,1,1,1,166.9,093.9
28/08/2017 22:05:31,1,1,1,179.6,092.4
28/08/2017 22:05:31,1,1,1,183.8,083.9
28/08/2017 22:05:32,1,1,1,174.7,082.7
28/08/2017 22:05:32,1,1,1,172.4,097.9
28/08/2017 22:05:32,1,1,1,161.0,100.0
28/08/2017 22:05:32,1,1,1,174.2,096.1
28/08/2017 22:05:32,1,1,1,197.9,106.3
28/08/2017 22:05:33,1,1,1,206.1,136.0
28/08/2017 22:05:33,1,1,1,204.8,176.2
28/08/2017 22:05:33,1,1,1,188.3,175.7
28/08/2017 22:05:33,1,1,1,183.5,171.6
28/08/2017 22:05:33,1,1,1,157.9,178.8
28/08/2017 22:05:34,1,1,1,157.4,177.1
28/08/2017 22:05:34,1,1,1,149.6,164.6
28/08/2017 22:05:34,1,1,1,149.3,120.2
28/08/2017 22:05:34,1,1,1,145.9,130.2
28/08/2017 22:05:34,1,1,1,149.5,140.6
28/08/2017 22:05:35,1,1,1,151.7,130.7
28/08/2017 22:05:35,1,1,1,167.6,104.7
28/08/2017 22:05:35,1,1,1,162.1,044.3
28/08/2017 22:05:35,1,1,1,166.7,075.0
28/08/2017 22:05:36,1,1,1,175.1,108.9
28/08/2017 22:05:36,1,1,1,172.1,131.0
28/08/2017 22:05:36,1,1,1,149.2,132.6
28/08/2017 22:05:36,1,1,1,133.7,125.5
28/08/2017 22:05:36,1,1,1,133.8,123.5
28/08/2017 22:05:37,1,1,1,128.1,132.3
28/08/2017 22:05:37,1,1,1,119.0,165.8
28/08/2017 22:05:37,1,1,1,118.6,171.1
28/08/2017 22:05:37,1,1,1,135.8,175.9
28/08/2017 22:05:37,1,1,1,153.5,174.6
28/08/2017 22:05:38,1,1,1,158.6,131.6
28/08/2017 22:05:38,1,1,1,145.0,099.6
28/08/2017 22:05:38,1,1,1,092.2,064.2
28/08/2017 22:05:38,1,1,1,103.2,061.0
28/08/2017 22:05:38,1,1,1,137.4,093.5
28/08/2017 22:05:39,1,1,1,144.5,107.7
28/08/2017 22:05:39,1,1,1,144.7,103.0
28/08/2017 22:05:39,1,1,1,143.5,095.9
28/08/2017 22:05:39,1,1,1,167.4,117.5
28/08/2017 22:05:40,1,1,1,174.8,131.0
28/08/2017 22:05:40,1,1,1,179.5,130.2
28/08/2017 22:05:40,1,1,1,153.5,127.9
28/08/2017 22:05:40,1,1,1,155.1,127.3
28/08/2017 22:05:40,1,1,1,147.3,099.3
28/08/2017 22:05:41,1,1,1,148.3,094.1
28/08/2017 22:05:41,1,1,1,126.8,079.5
28/08/2017 22:05:41,1,1,1,105.4,054.7
28/08/2017 22:05:41,1,1,1,098.1,065.9
28/08/2017 22:05:41,1,1,1,098.5,102.4
28/08/2017 22:05:42,1,1,1,080.4,128.9
28/08/2017 22:05:42,1,1,1,061.5,134.3
28/08/2017 22:05:42,1,1,1,053.8,124.0
28/08/2017 22:05:42,1,1,1,066.9,136.0
28/08/2017 22:05:42,1,1,1,068.7,163.4
28/08/2017 22:05:43,1,1,1,076.8,163.6
28/08/2017 22:05:43,1,1,1,091.2,146.5
28/08/2017 22:05:43,1,1,1,103.7,148.4
28/08/2017 22:05:43,1,1,1,119.5,138.7
28/08/2017 22:05:44,1,1,1,131.0,118.1
28/08/2017 22:05:44,1,1,1,131.9,141.8
28/08/2017 22:05:44,1,1,1,129.8,162.9
28/08/2017 22:05:44,1,1,1,126.6,161.1
28/08/2017 22:05:44,1,1,1,102.3,146.1
28/08/2017 22:05:45,1,1,1,094.6,129.8
28/08/2017 22:05:45,1,1,1,084.7,150.7
28/08/2017 22:05:45,1,1,1,075.8,178.4
28/08/2017 22:05:45,1,1,1,067.1,177.8
28/08/2017 22:05:45,1,1,1,087.3,142.9
28/08/2017 22:05:46,1,1,1,094.7,118.9
28/08/2017 22:05:46,1,1,1,080.0,116.2
28/08/2017 22:05:46,1,1,1,069.2,112.5
28/08/2017 22:05:46,1,1,1,102.4,102.5
28/08/2017 22:05:46,1,1,1,155.0,088.0
28/08/2017 22:05:47,1,1,1,172.8,087.3
28/08/2017 22:05:47,1,1,1,194.9,089.0
28/08/2017 22:05:47,1,1,1,197.2,087.0
28/08/2017 22:05:47,1,1,1,197.8,079.7
28/08/2017 22:05:48,1,1,1,188.2,058.9
28/08/2017 22:05:48,1,1,1,183.4,095.5
28/08/2017 22:05:48,1,1,1,160.1,105.4
28/08/2017 22:05:48,1,1,1,156.8,105.9
28/08/2017 22:05:48,1,1,1,132.7,111.2
28/08/2017 22:05:49,1,1,1,114.6,120.7
28/08/2017 22:05:49,1,1,1,107.9,113.0
28/08/2017 22:05:49,1,1,1,122.2,146.5
28/08/2017 22:05:49,1,1,1,123.0,149.9
28/08/2017 22:05:49,1,1,1,110.9,171.7
28/08/2017 22:05:50,1,1,1,059.7,176.1
28/08/2017 22:05:50,1,1,1,081.8,165.4
28/08/2017 22:05:50,1,1,1,081.0,160.0
28/08/2017 22:05:50,1,1,1,080.2,154.3
28/08/2017 22:05:51,1,1,1,100.6,171.8
28/08/2017 22:05:51,1,1,1,134.1,170.9
28/08/2017 22:05:51,1,1,1,150.3,169.0
28/08/2017 22:05:51,1,1,1,141.2,174.4
28/08/2017 22:05:51,1,1,1,141.6,156.0
28/08/2017 22:05:52,1,1,1,165.7,170.2
28/08/2017 22:05:52,1,1,1,204.5,170.6
28/08/2017 22:05:52,1,1,1,210.8,165.9
28/08/2017 22:05:52,1,1,1,210.9,166.1
28/08/2017 22:05:52,1,1,1,175.2,156.6
28/08/2017 22:05:53,1,1,1,170.6,154.1
28/08/2017 22:05:53,1,1,1,179.1,168.1
28/08/2017 22:05:53,1,1,1,208.0,165.0
28/08/2017 22:05:53,1,1,1,205.7,164.2
28/08/2017 22:05:53,1,1,1,161.2,138.5
28/08/2017 22:05:54,1,1,1,100.3,114.1
28/08/2017 22:05:54,1,1,1,077.8,114.8
28/08/2017 22:05:54,1,1,1,044.8,091.0
28/08/2017 22:05:54,1,1,1,045.3,080.6
28/08/2017 22:05:55,1,1,1,051.6,093.1
28/08/2017 22:05:55,1,1,1,067.6,086.9
28/08/2017 22:05:55,1,1,1,068.7,070.2
28/08/2017 22:05:55,1,1,1,076.2,075.4
28/08/2017 22:05:55,1,1,1,121.7,089.4
28/08/2017 22:05:56,1,1,1,150.6,092.0
28/08/2017 22:05:56,1,1,1,171.4,093.1
28/08/2017 22:05:56,1,1,1,174.3,090.2
28/08/2017 22:05:56,1,1,1,168.3,098.9
28/08/2017 22:05:56,1,1,1,158.8,119.9
28/08/2017 22:05:57,1,1,1,151.6,152.1
28/08/2017 22:05:57,1,1,1,135.3,195.0
28/08/2017 22:05:57,1,1,1,138.2,204.7
28/08/2017 22:05:57,1,1,1,137.7,203.1
28/08/2017 22:05:57,1,1,1,108.7,146.6
28/08/2017 22:05:58,1,1,1,128.0,134.2
28/08/2017 22:05:58,1,1,1,163.7,100.1
28/08/2017 22:05:58,1,1,1,163.3,093.6
28/08/2017 22:05:58,1,1,1,163.6,080.2
28/08/2017 22:05:59,1,1,1,153.1,079.5
28/08/2017 22:05:59,1,1,1,160.6,141.9
28/08/2017 22:05:59,1,1,1,161.0,159.4
28/08/2017 22:05:59,1,1,1,148.6,160.3
28/08/2017 22:05:59,1,1,1,138.9,154.0
28/08/2017 22:06:00,1,1,1,125.4,135.9
28/08/2017 22:06:00,1,1,1,109.2,108.1
28/08/2017 22:06:00,1,1,1,093.9,111.0
28/08/2017 22:06:00,1,1,1,081.7,110.5
28/08/2017 22:06:00,1,1,1,080.9,089.8
28/08/2017 22:06:01,1,1,1,072.3,065.9
28/08/2017 22:06:01,1,1,1,076.5,089.9
28/08/2017 22:06:01,1,1,1,073.9,113.4
28/08/2017 22:06:01,1,1,1,103.0,119.6
28/08/2017 22:06:01,1,1,1,122.2,131.0
28/08/2017 22:06:02,1,1,1,152.8,165.7
28/08/2017 22:06:02,1,1,1,188.7,178.0
28/08/2017 22:06:02,1,1,1,189.6,185.7
28/08/2017 22:06:02,1,1,1,179.0,184.6
28/08/2017 22:06:03,1,1,1,143.9,161.8
28/08/2017 22:06:03,1,1,1,120.7,151.7
28/08/2017 22:06:03,1,1,1,105.7,154.0
28/08/2017 22:06:03,1,1,1,100.3,157.1
28/08/2017 22:06:03,1,1,1,107.9,153.1
28/08/2017 22:06:04,1,1,1,100.9,116.3
28/08/2017 22:06:04,1,1,1,107.0,088.1
28/08/2017 22:06:04,1,1,1,104.2,084.1
28/08/2017 22:06:04,1,1,1,101.5,077.6
28/08/2017 22:06:04,1,1,1,100.9,057.2
28/08/2017 22:06:05,1,1,1,126.4,072.9
28/08/2017 22:06:05,1,1,1,165.2,095.8
28/08/2017 22:06:05,1,1,1,172.9,111.2
28/08/2017 22:06:05,1,1,1,192.1,134.4
28/08/2017 22:06:06,1,1,1,189.1,145.1
28/08/2017 22:06:06,1,1,1,182.6,150.6
28/08/2017 22:06:06,1,1,1,153.6,160.8
28/08/2017 22:06:06,1,1,1,151.1,174.4
28/08/2017 22:06:06,1,1,1,151.5,178.4
28/08/2017 22:06:07,1,1,1,151.5,177.1
28/08/2017 22:06:07,1,1,1,142.0,169.1
28/08/2017 22:06:07,1,1,1,130.6,158.4
28/08/2017 22:06:07,1,1,1,129.9,165.8
28/08/2017 22:06:07,1,1,1,136.9,166.6
28/08/2017 22:06:08,1,1,1,138.1,146.8
28/08/2017 22:06:08,1,1,1,120.6,104.8
28/08/2017 22:06:08,1,1,1,103.2,084.1
28/08/2017 22:06:08,1,1,1,101.1,068.9
28/08/2017 22:06:09,1,1,1,125.8,040.0
28/08/2017 22:06:09,1,1,1,144.4,049.0
28/08/2017 22:06:09,1,1,1,156.2,058.0
28/08/2017 22:06:09,1,1,1,157.0,047.3
28/08/2017 22:06:09,1,1,1,140.0,061.2
28/08/2017 22:06:10,1,1,1,093.2,077.1
28/08/2017 22:06:10,1,1,1,086.5,071.8
28/08/2017 22:06:10,1,1,1,117.3,043.4
28/08/2017 22:06:10,1,1,1,117.4,071.1
28/08/2017 22:06:10,1,1,1,102.4,127.6
28/08/2017 22:06:11,1,1,1,096.4,166.5
28/08/2017 22:06:11,1,1,1,094.2,185.0
28/08/2017 22:06:11,1,1,1,091.1,188.2
28/08/2017 22:06:11,1,1,1,084.5,191.1
28/08/2017 22:06:11,1,1,1,071.0,191.5
28/08/2017 22:06:12,1,1,1,077.4,192.1
28/08/2017 22:06:12,1,1,1,092.9,161.0
28/08/2017 22:06:12,1,1,1,096.0,155.6
28/08/2017 22:06:12,1,1,1,089.0,142.5
28/08/2017 22:06:13,1,1,1,073.1,125.7
28/08/2017 22:06:13,1,1,1,099.4,116.6
28/08/2017 22:06:13,1,1,1,130.0,086.7
28/08/2017 22:06:13,1,1,1,127.4,103.2
28/08/2017 22:06:13,1,1,1,117.2,120.0
28/08/2017 22:06:14,1,1,1,105.2,132.0
28/08/2017 22:06:14,1,1,1,087.5,167.2
28/08/2017 22:06:14,1,1,1,106.9,175.0
28/08/2017 22:06:14,1,1,1,105.3,163.9
28/08/2017 22:06:14,1,1,1,069.8,157.9
28/08/2017 22:06:15,1,1,1,093.9,170.3
28/08/2017 22:06:15,1,1,1,143.1,183.6
28/08/2017 22:06:15,1,1,1,146.0,183.7
28/08/2017 22:06:15,1,1,1,151.7,173.7
28/08/2017 22:06:15,1,1,1,145.8,172.4
28/08/2017 22:06:16,1,1,1,099.1,167.2
28/08/2017 22:06:16,1,1,1,107.6,147.5
28/08/2017 22:06:16,1,1,1,119.6,103.2
28/08/2017 22:06:16,1,1,1,104.0,093.9
28/08/2017 22:06:17,1,1,1,104.8,105.4
28/08/2017 22:06:17,1,1,1,099.5,099.6
28/08/2017 22:06:17,1,1,1,070.4,072.9
28/08/2017 22:06:17,1,1,1,091.4,075.2
28/08/2017 22:06:17,1,1,1,126.1,083.1
28/08/2017 22:06:18,1,1,1,138.0,116.8
28/08/2017 22:06:18,1,1,1,133.9,131.3
28/08/2017 22:06:18,1,1,1,120.4,131.6
28/08/2017 22:06:18,1,1,1,145.3,134.5
28/08/2017 22:06:18,1,1,1,145.3,126.7
28/08/2017 22:06:19,1,1,1,132.8,135.2
28/08/2017 22:06:19,1,1,1,146.0,135.9
28/08/2017 22:06:19,1,1,1,148.4,129.3
28/08/2017 22:06:19,1,1,1,146.9,145.1
28/08/2017 22:06:20,1,1,1,149.4,145.1
28/08/2017 22:06:20,1,1,1,137.9,174.4
28/08/2017 22:06:20,1,1,1,090.5,186.9
28/08/2017 22:06:20,1,1,1,063.5,186.9
28/08/2017 22:06:20,1,1,1,062.9,174.9
28/08/2017 22:06:21,1,1,1,074.3,174.7
28/08/2017 22:06:21,1,1,1,109.0,170.0
28/08/2017 22:06:21,1,1,1,121.5,174.5
28/08/2017 22:06:21,1,1,1,122.9,182.1
28/08/2017 22:06:21,1,1,1,142.1,183.6
28/08/2017 22:06:22,1,1,1,159.4,193.9
28/08/2017 22:06:22,1,1,1,180.4,211.1
28/08/2017 22:06:22,1,1,1,180.4,205.5
28/08/2017 22:06:22,1,1,1,189.2,204.1
28/08/2017 22:06:23,1,1,1,188.3,197.3
28/08/2017 22:06:23,1,1,1,167.1,176.8
28/08/2017 22:06:23,1,1,1,146.3,151.9
28/08/2017 22:06:23,1,1,1,128.1,105.6
28/08/2017 22:06:23,1,1,1,131.9,104.3
28/08/2017 22:06:24,1,1,1,122.0,114.1
28/08/2017 22:06:24,1,1,1,092.3,163.1
28/08/2017 22:06:24,1,1,1,107.6,170.1
28/08/2017 22:06:24,1,1,1,112.7,170.2
28/08/2017 22:06:24,1,1,1,125.7,159.2
28/08/2017 22:06:25,1,1,1,158.9,135.8
28/08/2017 22:06:25,1,1,1,177.9,122.9
28/08/2017 22:06:25,1,1,1,184.4,122.1
28/08/2017 22:06:25,1,1,1,193.6,141.6
28/08/2017 22:06:25,1,1,1,178.6,142.4
28/08/2017 22:06:26,1,1,1,156.1,138.0
28/08/2017 22:06:26,1,1,1,156.0,131.3
28/08/2017 22:06:26,1,1,1,151.9,131.8
28/08/2017 22:06:26,1,1,1,142.3,131.5
28/08/2017 22:06:27,1,1,1,117.6,145.5
28/08/2017 22:06:27,1,1,1,078.7,158.0
28/08/2017 22:06:27,1,1,1,096.2,167.1
28/08/2017 22:06:27,1,1,1,101.6,169.9
28/08/2017 22:06:27,1,1,1,089.6,181.6
28/08/2017 22:06:28,1,1,1,085.8,179.6
28/08/2017 22:06:28,1,1,1,088.9,179.9
28/08/2017 22:06:28,1,1,1,091.2,179.7
28/08/2017 22:06:28,1,1,1,090.8,172.3
28/08/2017 22:06:28,1,1,1,082.6,164.9
28/08/2017 22:06:29,1,1,1,097.1,143.2
28/08/2017 22:06:29,1,1,1,105.1,143.5
28/08/2017 22:06:29,1,1,1,106.6,144.7
28/08/2017 22:06:29,1,1,1,110.3,168.0
28/08/2017 22:06:29,1,1,1,160.3,169.8
28/08/2017 22:06:30,1,1,1,167.5,171.6
28/08/2017 22:06:30,1,1,1,158.6,161.0
28/08/2017 22:06:30,1,1,1,158.6,161.0
28/08/2017 22:06:30,1,1,1,163.9,156.2
28/08/2017 22:06:30,1,1,1,162.7,147.8
28/08/2017 22:06:31,1,1,1,173.6,145.8
28/08/2017 22:06:31,1,1,1,187.3,172.6
28/08/2017 22:06:31,1,1,1,189.3,189.7
28/08/2017 22:06:31,1,1,1,167.1,171.6
28/08/2017 22:06:32,1,1,1,146.4,184.3
28/08/2017 22:06:32,1,1,1,119.7,196.9
28/08/2017 22:06:32,1,1,1,103.0,205.8
28/08/2017 22:06:32,1,1,1,103.0,206.1
28/08/2017 22:06:32,1,1,1,106.6,180.1
28/08/2017 22:06:33,1,1,1,107.4,169.5
28/08/2017 22:06:33,1,1,1,106.6,147.2
28/08/2017 22:06:33,1,1,1,092.8,119.8
28/08/2017 22:06:33,1,1,1,091.0,119.2
28/08/2017 22:06:33,1,1,1,072.1,147.8
28/08/2017 22:06:34,1,1,1,069.5,167.2
28/08/2017 22:06:34,1,1,1,082.0,189.2
28/08/2017 22:06:34,1,1,1,087.8,196.7
28/08/2017 22:06:34,1,1,1,098.1,187.0
28/08/2017 22:06:35,1,1,1,150.3,172.1
28/08/2017 22:06:35,1,1,1,164.4,177.4
28/08/2017 22:06:35,1,1,1,190.3,183.7
28/08/2017 22:06:35,1,1,1,191.4,183.5
28/08/2017 22:06:35,1,1,1,188.0,185.5
28/08/2017 22:06:36,1,1,1,151.4,186.8
28/08/2017 22:06:36,1,1,1,103.8,177.2
28/08/2017 22:06:36,1,1,1,046.7,170.6
28/08/2017 22:06:36,1,1,1,073.3,165.8
28/08/2017 22:06:36,1,1,1,092.8,140.9
28/08/2017 22:06:37,1,1,1,141.1,070.7
28/08/2017 22:06:37,1,1,1,166.9,055.6
28/08/2017 22:06:37,1,1,1,167.4,048.3
28/08/2017 22:06:37,1,1,1,167.6,054.5
28/08/2017 22:06:38,1,1,1,156.6,106.8
28/08/2017 22:06:38,1,1,1,159.4,139.2
28/08/2017 22:06:38,1,1,1,141.4,205.8
28/08/2017 22:06:38,1,1,1,150.0,207.2
28/08/2017 22:06:38,1,1,1,181.1,193.8
28/08/2017 22:06:39,1,1,1,182.2,181.5
28/08/2017 22:06:39,1,1,1,183.7,176.6
28/08/2017 22:06:39,1,1,1,181.4,146.1
28/08/2017 22:06:39,1,1,1,183.2,139.0
28/08/2017 22:06:39,1,1,1,163.7,142.5
28/08/2017 22:06:40,1,1,1,118.0,116.9
28/08/2017 22:06:40,1,1,1,087.5,089.0
28/08/2017 22:06:40,1,1,1,097.7,058.8
28/08/2017 22:06:40,1,1,1,096.2,065.2
28/08/2017 22:06:40,1,1,1,087.8,105.9
28/08/2017 22:06:41,1,1,1,130.5,121.1
28/08/2017 22:06:41,1,1,1,154.0,138.7
28/08/2017 22:06:41,1,1,1,151.9,150.8
28/08/2017 22:06:41,1,1,1,143.6,148.0
28/08/2017 22:06:42,1,1,1,153.9,126.6
28/08/2017 22:06:42,1,1,1,143.6,095.6
28/08/2017 22:06:42,1,1,1,118.7,080.4
28/08/2017 22:06:42,1,1,1,120.6,091.1
28/08/2017 22:06:42,1,1,1,155.5,088.7
28/08/2017 22:06:43,1,1,1,157.0,058.3
28/08/2017 22:06:43,1,1,1,144.3,074.2
28/08/2017 22:06:43,1,1,1,123.0,100.4
28/08/2017 22:06:43,1,1,1,120.2,108.1
28/08/2017 22:06:43,1,1,1,091.2,145.6
28/08/2017 22:06:44,1,1,1,063.0,164.8
28/08/2017 22:06:44,1,1,1,075.2,160.3
28/08/2017 22:06:44,1,1,1,083.6,135.4
28/08/2017 22:06:44,1,1,1,096.5,134.1
28/08/2017 22:06:45,1,1,1,115.3,146.3
28/08/2017 22:06:45,1,1,1,114.4,165.8
28/08/2017 22:06:45,1,1,1,114.5,189.4
28/08/2017 22:06:45,1,1,1,103.6,188.9
28/08/2017 22:06:45,1,1,1,131.6,169.2
28/08/2017 22:06:46,1,1,1,140.6,137.7
28/08/2017 22:06:46,1,1,1,163.3,149.6
28/08/2017 22:06:46,1,1,1,159.2,165.4
28/08/2017 22:06:46,1,1,1,168.6,168.5
28/08/2017 22:06:46,1,1,1,192.0,161.5
28/08/2017 22:06:47,1,1,1,198.7,122.1
28/08/2017 22:06:47,1,1,1,184.7,089.4
28/08/2017 22:06:47,1,1,1,190.5,077.0
28/08/2017 22:06:47,1,1,1,184.6,096.6
28/08/2017 22:06:47,1,1,1,171.6,111.3
28/08/2017 22:06:48,1,1,1,143.4,129.3
28/08/2017 22:06:48,1,1,1,145.0,148.0
28/08/2017 22:06:48,1,1,1,136.7,153.1
28/08/2017 22:06:48,1,1,1,119.4,146.3
28/08/2017 22:06:49,1,1,1,088.1,136.8
28/08/2017 22:06:49,1,1,1,080.6,149.5
28/08/2017 22:06:49,1,1,1,083.4,161.1
28/08/2017 22:06:49,1,1,1,084.3,172.8
28/08/2017 22:06:49,1,1,1,091.3,163.1
28/08/2017 22:06:50,1,1,1,097.7,130.2
28/08/2017 22:06:50,1,1,1,085.8,126.3
28/08/2017 22:06:50,1,1,1,053.2,113.6
28/08/2017 22:06:50,1,1,1,039.0,109.0
28/08/2017 22:06:50,1,1,1,068.2,109.0
28/08/2017 22:06:51,1,1,1,083.9,108.4
28/08/2017 22:06:51,1,1,1,109.3,128.0
28/08/2017 22:06:51,1,1,1,124.9,150.7
28/08/2017 22:06:51,1,1,1,119.9,141.8
28/08/2017 22:06:51,1,1,1,098.8,138.7
28/08/2017 22:06:52,1,1,1,078.2,112.7
28/08/2017 22:06:52,1,1,1,075.4,097.5
28/08/2017 22:06:52,1,1,1,085.7,095.1
28/08/2017 22:06:52,1,1,1,094.6,083.9
28/08/2017 22:06:53,1,1,1,123.3,085.9
28/08/2017 22:06:53,1,1,1,153.1,104.9
28/08/2017 22:06:53,1,1,1,178.7,118.6
28/08/2017 22:06:53,1,1,1,182.5,114.2
28/08/2017 22:06:53,1,1,1,180.1,091.0
28/08/2017 22:06:54,1,1,1,161.9,078.1
28/08/2017 22:06:54,1,1,1,177.4,074.9
28/08/2017 22:06:54,1,1,1,174.9,084.5
28/08/2017 22:06:54,1,1,1,173.0,088.7
28/08/2017 22:06:54,1,1,1,174.4,090.8
28/08/2017 22:06:55,1,1,1,164.8,107.3
28/08/2017 22:06:55,1,1,1,173.1,140.5
28/08/2017 22:06:55,1,1,1,185.2,153.2
28/08/2017 22:06:55,1,1,1,184.3,150.6
28/08/2017 22:06:55,1,1,1,179.6,133.7
28/08/2017 22:06:56,1,1,1,150.3,136.9
28/08/2017 22:06:56,1,1,1,172.0,154.8
28/08/2017 22:06:56,1,1,1,167.2,159.5
28/08/2017 22:06:56,1,1,1,146.2,145.6
28/08/2017 22:06:57,1,1,1,120.6,138.9
28/08/2017 22:06:57,1,1,1,089.8,131.4
28/08/2017 22:06:57,1,1,1,081.2,139.8
28/08/2017 22:06:57,1,1,1,079.9,140.3
28/08/2017 22:06:57,1,1,1,068.0,130.3
28/08/2017 22:06:58,1,1,1,065.4,110.1
28/08/2017 22:06:58,1,1,1,097.0,100.3
28/08/2017 22:06:58,1,1,1,101.9,103.3
28/08/2017 22:06:58,1,1,1,102.6,104.1
28/08/2017 22:06:58,1,1,1,106.2,103.0
28/08/2017 22:06:59,1,1,1,100.5,109.8
28/08/2017 22:06:59,1,1,1,074.2,096.5
28/08/2017 22:06:59,1,1,1,038.2,095.9
28/08/2017 22:06:59,1,1,1,060.2,105.9
28/08/2017 22:06:59,1,1,1,105.3,105.2
28/08/2017 22:07:00,1,1,1,136.8,107.7
28/08/2017 22:07:00,1,1,1,148.1,106.8
28/08/2017 22:07:00,1,1,1,129.5,121.2
28/08/2017 22:07:00,1,1,1,126.0,131.1
28/08/2017 22:07:01,1,1,1,113.3,124.9
28/08/2017 22:07:01,1,1,1,143.8,166.1
28/08/2017 22:07:01,1,1,1,142.1,172.0
28/08/2017 22:07:01,1,1,1,143.6,170.6
28/08/2017 22:07:01,1,1,1,153.1,143.7
28/08/2017 22:07:02,1,1,1,158.6,089.6
28/08/2017 22:07:02,1,1,1,159.9,063.1
28/08/2017 22:07:02,1,1,1,152.4,023.3
28/08/2017 22:07:02,1,1,1,141.2,064.8
28/08/2017 22:07:02,1,1,1,131.8,078.9
28/08/2017 22:07:03,1,1,1,131.5,094.0
28/08/2017 22:07:03,1,1,1,119.6,095.2
28/08/2017 22:07:03,1,1,1,132.3,102.6
28/08/2017 22:07:03,1,1,1,145.9,121.1
28/08/2017 22:07:04,1,1,1,187.9,128.8
28/08/2017 22:07:04,1,1,1,188.2,162.6
28/08/2017 22:07:04,1,1,1,179.5,188.1
28/08/2017 22:07:04,1,1,1,183.5,193.3
28/08/2017 22:07:04,1,1,1,150.2,182.1
28/08/2017 22:07:05,1,1,1,118.5,158.0
28/08/2017 22:07:05,1,1,1,106.7,145.6
28/08/2017 22:07:05,1,1,1,110.8,119.7
28/08/2017 22:07:05,1,1,1,119.1,096.0
28/08/2017 22:07:05,1,1,1,119.7,063.2
28/08/2017 22:07:06,1,1,1,133.3,049.2
28/08/2017 22:07:06,1,1,1,178.9,031.3
28/08/2017 22:07:06,1,1,1,202.3,036.0
28/08/2017 22:07:06,1,1,1,200.6,082.1
28/08/2017 22:07:06,1,1,1,170.1,102.1
28/08/2017 22:07:07,1,1,1,145.5,103.1
28/08/2017 22:07:07,1,1,1,105.1,097.5
28/08/2017 22:07:07,1,1,1,090.8,092.2
28/08/2017 22:07:07,1,1,1,094.2,114.3
28/08/2017 22:07:08,1,1,1,094.2,133.3
28/08/2017 22:07:08,1,1,1,092.3,140.5
28/08/2017 22:07:08,1,1,1,058.8,131.5
28/08/2017 22:07:08,1,1,1,065.6,143.1
28/08/2017 22:07:08,1,1,1,070.9,168.7
28/08/2017 22:07:09,1,1,1,059.0,187.2
28/08/2017 22:07:09,1,1,1,082.3,184.7
28/08/2017 22:07:09,1,1,1,082.1,182.0
28/08/2017 22:07:09,1,1,1,094.6,161.7
28/08/2017 22:07:09,1,1,1,099.8,158.6
28/08/2017 22:07:10,1,1,1,103.5,103.0
28/08/2017 22:07:10,1,1,1,101.6,075.1
28/08/2017 22:07:10,1,1,1,074.5,034.1
28/08/2017 22:07:10,1,1,1,091.2,082.7
28/08/2017 22:07:11,1,1,1,135.8,112.3
28/08/2017 22:07:11,1,1,1,142.9,111.8
28/08/2017 22:07:11,1,1,1,146.3,075.3
28/08/2017 22:07:11,1,1,1,142.1,069.5
28/08/2017 22:07:11,1,1,1,140.8,102.0
28/08/2017 22:07:12,1,1,1,139.7,113.0
28/08/2017 22:07:12,1,1,1,136.9,126.5
28/08/2017 22:07:12,1,1,1,120.0,120.7
28/08/2017 22:07:12,1,1,1,109.5,093.6
28/08/2017 22:07:12,1,1,1,103.7,097.1
28/08/2017 22:07:13,1,1,1,103.7,098.3
28/08/2017 22:07:13,1,1,1,118.1,088.0
28/08/2017 22:07:13,1,1,1,128.1,055.4
28/08/2017 22:07:13,1,1,1,122.9,058.4
28/08/2017 22:07:13,1,1,1,121.5,131.9
28/08/2017 22:07:14,1,1,1,147.8,161.1
28/08/2017 22:07:14,1,1,1,165.2,168.9
28/08/2017 22:07:14,1,1,1,166.3,165.9
28/08/2017 22:07:14,1,1,1,169.2,154.1
28/08/2017 22:07:15,1,1,1,157.4,149.3
28/08/2017 22:07:15,1,1,1,108.7,146.6
28/08/2017 22:07:15,1,1,1,072.9,135.1
28/08/2017 22:07:15,1,1,1,058.2,132.2
28/08/2017 22:07:15,1,1,1,100.9,135.9
28/08/2017 22:07:16,1,1,1,158.2,131.8
28/08/2017 22:07:16,1,1,1,187.4,122.2
28/08/2017 22:07:16,1,1,1,186.5,085.0
28/08/2017 22:07:16,1,1,1,176.9,083.1
28/08/2017 22:07:16,1,1,1,181.2,118.9
28/08/2017 22:07:17,1,1,1,180.9,126.8
28/08/2017 22:07:17,1,1,1,151.0,115.8
28/08/2017 22:07:17,1,1,1,134.1,100.8
28/08/2017 22:07:17,1,1,1,122.9,107.4
28/08/2017 22:07:17,1,1,1,142.0,107.8
28/08/2017 22:07:18,1,1,1,141.9,125.7
28/08/2017 22:07:18,1,1,1,129.0,139.8
28/08/2017 22:07:18,1,1,1,118.9,134.7
28/08/2017 22:07:18,1,1,1,108.9,148.4
28/08/2017 22:07:19,1,1,1,121.9,146.0
28/08/2017 22:07:19,1,1,1,124.4,140.2
28/08/2017 22:07:19,1,1,1,125.4,136.3
28/08/2017 22:07:19,1,1,1,133.4,140.8
28/08/2017 22:07:19,1,1,1,167.2,151.0
28/08/2017 22:07:20,1,1,1,182.7,143.3
28/08/2017 22:07:20,1,1,1,176.4,122.5
28/08/2017 22:07:20,1,1,1,159.2,117.1
28/08/2017 22:07:20,1,1,1,156.8,075.0
28/08/2017 22:07:20,1,1,1,149.9,076.5
28/08/2017 22:07:21,1,1,1,149.7,077.6
28/08/2017 22:07:21,1,1,1,148.1,101.0
28/08/2017 22:07:21,1,1,1,124.9,110.0
28/08/2017 22:07:21,1,1,1,127.7,115.8
28/08/2017 22:07:21,1,1,1,133.1,134.2
28/08/2017 22:07:22,1,1,1,129.3,162.0
28/08/2017 22:07:22,1,1,1,127.1,171.9
28/08/2017 22:07:22,1,1,1,123.6,169.3
28/08/2017 22:07:22,1,1,1,138.3,163.9
28/08/2017 22:07:23,1,1,1,157.9,144.6
28/08/2017 22:07:23,1,1,1,154.1,110.9
28/08/2017 22:07:23,1,1,1,131.8,090.0
28/08/2017 22:07:23,1,1,1,133.0,089.7
28/08/2017 22:07:23,1,1,1,139.8,106.7
28/08/2017 22:07:24,1,1,1,150.3,111.4
28/08/2017 22:07:24,1,1,1,167.3,124.1
28/08/2017 22:07:24,1,1,1,173.4,116.1
28/08/2017 22:07:24,1,1,1,167.5,092.9
28/08/2017 22:07:24,1,1,1,159.0,097.6
28/08/2017 22:07:25,1,1,1,151.2,111.4
28/08/2017 22:07:25,1,1,1,112.8,115.0
28/08/2017 22:07:25,1,1,1,112.8,078.3
28/08/2017 22:07:25,1,1,1,109.6,079.9
28/08/2017 22:07:26,1,1,1,105.0,071.4
28/08/2017 22:07:26,1,1,1,107.1,087.4
28/08/2017 22:07:26,1,1,1,106.7,112.5
28/08/2017 22:07:26,1,1,1,085.8,113.8
28/08/2017 22:07:26,1,1,1,101.9,104.9
28/08/2017 22:07:27,1,1,1,109.5,081.0
28/08/2017 22:07:27,1,1,1,121.0,079.5
28/08/2017 22:07:27,1,1,1,116.8,087.2
28/08/2017 22:07:27,1,1,1,119.8,088.9
28/08/2017 22:07:27,1,1,1,135.7,101.2
28/08/2017 22:07:28,1,1,1,141.2,128.3
28/08/2017 22:07:28,1,1,1,140.9,126.2
28/08/2017 22:07:28,1,1,1,116.1,145.8
28/08/2017 22:07:28,1,1,1,122.2,141.7
28/08/2017 22:07:28,1,1,1,121.8,143.8
28/08/2017 22:07:29,1,1,1,116.5,147.5
28/08/2017 22:07:29,1,1,1,092.6,161.0
28/08/2017 22:07:29,1,1,1,076.8,160.9
28/08/2017 22:07:29,1,1,1,088.1,159.1
28/08/2017 22:07:30,1,1,1,116.8,140.0
28/08/2017 22:07:30,1,1,1,157.3,104.8
28/08/2017 22:07:30,1,1,1,158.5,096.8
28/08/2017 22:07:30,1,1,1,147.5,107.5
28/08/2017 22:07:30,1,1,1,188.2,107.6
28/08/2017 22:07:31,1,1,1,205.4,112.0
28/08/2017 22:07:31,1,1,1,192.0,110.6
28/08/2017 22:07:31,1,1,1,176.2,072.5
28/08/2017 22:07:31,1,1,1,175.1,099.5
28/08/2017 22:07:31,1,1,1,146.6,130.5
28/08/2017 22:07:32,1,1,1,115.6,134.0
28/08/2017 22:07:32,1,1,1,096.3,113.3
28/08/2017 22:07:32,1,1,1,105.1,099.3
28/08/2017 22:07:32,1,1,1,103.2,131.3
28/08/2017 22:07:33,1,1,1,103.8,144.5
28/08/2017 22:07:33,1,1,1,120.6,179.4
28/08/2017 22:07:33,1,1,1,122.6,183.1
28/08/2017 22:07:33,1,1,1,113.3,168.3
28/08/2017 22:07:33,1,1,1,123.8,174.0
28/08/2017 22:07:34,1,1,1,101.7,166.2
28/08/2017 22:07:34,1,1,1,092.4,180.5
28/08/2017 22:07:34,1,1,1,120.7,182.4
28/08/2017 22:07:34,1,1,1,121.0,176.2
28/08/2017 22:07:34,1,1,1,093.0,154.7
28/08/2017 22:07:35,1,1,1,100.5,138.8
28/08/2017 22:07:35,1,1,1,146.3,114.5
28/08/2017 22:07:35,1,1,1,155.2,091.7
28/08/2017 22:07:35,1,1,1,154.7,095.3
28/08/2017 22:07:36,1,1,1,149.4,127.0
28/08/2017 22:07:36,1,1,1,147.4,154.5
28/08/2017 22:07:36,1,1,1,115.3,163.5
28/08/2017 22:07:36,1,1,1,125.9,172.0
28/08/2017 22:07:36,1,1,1,125.8,166.1
28/08/2017 22:07:37,1,1,1,114.0,154.4
28/08/2017 22:07:37,1,1,1,131.6,179.9
28/08/2017 22:07:37,1,1,1,153.3,195.9
28/08/2017 22:07:37,1,1,1,154.8,196.9
28/08/2017 22:07:37,1,1,1,174.7,170.4
28/08/2017 22:07:38,1,1,1,178.5,147.7
28/08/2017 22:07:38,1,1,1,194.0,130.0
28/08/2017 22:07:38,1,1,1,195.0,104.0
28/08/2017 22:07:38,1,1,1,193.8,107.6
28/08/2017 22:07:38,1,1,1,182.9,109.0
28/08/2017 22:07:39,1,1,1,128.3,091.0
28/08/2017 22:07:39,1,1,1,102.7,088.1
28/08/2017 22:07:39,1,1,1,084.8,090.5
28/08/2017 22:07:39,1,1,1,091.2,083.2
28/08/2017 22:07:39,1,1,1,101.8,095.2
28/08/2017 22:07:40,1,1,1,134.5,111.5
28/08/2017 22:07:40,1,1,1,162.4,127.0
28/08/2017 22:07:40,1,1,1,174.3,126.0
28/08/2017 22:07:40,1,1,1,173.5,123.0
28/08/2017 22:07:41,1,1,1,160.3,114.3
28/08/2017 22:07:41,1,1,1,159.9,147.7
28/08/2017 22:07:41,1,1,1,160.3,163.7
28/08/2017 22:07:41,1,1,1,160.6,160.6
28/08/2017 22:07:41,1,1,1,172.2,154.1
28/08/2017 22:07:42,1,1,1,170.5,153.3
28/08/2017 22:07:42,1,1,1,174.8,121.8
28/08/2017 22:07:42,1,1,1,169.2,085.0
28/08/2017 22:07:42,1,1,1,166.7,069.5
28/08/2017 22:07:42,1,1,1,145.7,099.4
28/08/2017 22:07:43,1,1,1,127.0,100.9
28/08/2017 22:07:43,1,1,1,146.6,094.1
28/08/2017 22:07:43,1,1,1,146.2,097.2
28/08/2017 22:07:43,1,1,1,155.1,091.2
28/08/2017 22:07:44,1,1,1,178.7,084.3
28/08/2017 22:07:44,1,1,1,191.8,094.8
28/08/2017 22:07:44,1,1,1,200.7,129.6
28/08/2017 22:07:44,1,1,1,196.4,129.8
28/08/2017 22:07:44,1,1,1,187.3,114.6
28/08/2017 22:07:45,1,1,1,163.1,102.1
28/08/2017 22:07:45,1,1,1,131.7,085.4
28/08/2017 22:07:45,1,1,1,075.9,054.5
28/08/2017 22:07:45,1,1,1,075.7,058.1
28/08/2017 22:07:45,1,1,1,099.7,073.7
28/08/2017 22:07:46,1,1,1,122.6,072.4
28/08/2017 22:07:46,1,1,1,150.8,077.7
28/08/2017 22:07:46,1,1,1,150.3,078.8
28/08/2017 22:07:46,1,1,1,141.3,067.4
28/08/2017 22:07:47,1,1,1,134.7,072.9
28/08/2017 22:07:47,1,1,1,116.8,072.7
28/08/2017 22:07:47,1,1,1,130.3,091.7
28/08/2017 22:07:47,1,1,1,131.6,100.1
28/08/2017 22:07:47,1,1,1,116.8,117.7
28/08/2017 22:07:48,1,1,1,110.6,139.5
28/08/2017 22:07:48,1,1,1,163.7,166.9
28/08/2017 22:07:48,1,1,1,179.4,175.5
28/08/2017 22:07:48,1,1,1,178.4,166.9
28/08/2017 22:07:48,1,1,1,164.9,146.4
28/08/2017 22:07:49,1,1,1,109.0,130.5
28/08/2017 22:07:49,1,1,1,058.9,122.4
28/08/2017 22:07:49,1,1,1,040.8,148.2
28/08/2017 22:07:49,1,1,1,056.4,147.7
28/08/2017 22:07:49,1,1,1,119.4,120.4
28/08/2017 22:07:50,1,1,1,153.8,108.0
28/08/2017 22:07:50,1,1,1,153.9,138.7
28/08/2017 22:07:50,1,1,1,154.3,140.0
28/08/2017 22:07:50,1,1,1,155.5,137.7
28/08/2017 22:07:50,1,1,1,173.8,122.0
28/08/2017 22:07:51,1,1,1,174.4,141.9
28/08/2017 22:07:51,1,1,1,148.1,165.4
28/08/2017 22:07:51,1,1,1,100.3,168.8
28/08/2017 22:07:51,1,1,1,113.4,168.0
28/08/2017 22:07:52,1,1,1,122.0,126.8
28/08/2017 22:07:52,1,1,1,135.8,074.7
28/08/2017 22:07:52,1,1,1,181.1,063.9
28/08/2017 22:07:52,1,1,1,183.9,079.2
28/08/2017 22:07:52,1,1,1,162.0,086.8
28/08/2017 22:07:53,1,1,1,138.5,103.8
28/08/2017 22:07:53,1,1,1,144.8,105.4
28/08/2017 22:07:53,1,1,1,155.5,101.9
28/08/2017 22:07:53,1,1,1,155.9,103.6
28/08/2017 22:07:53,1,1,1,122.4,130.2
28/08/2017 22:07:54,1,1,1,100.6,138.2
28/08/2017 22:07:54,1,1,1,072.2,140.9
28/08/2017 22:07:54,1,1,1,071.0,117.3
28/08/2017 22:07:54,1,1,1,098.2,110.6
28/08/2017 22:07:55,1,1,1,121.6,102.2
28/08/2017 22:07:55,1,1,1,141.2,094.5
28/08/2017 22:07:55,1,1,1,151.7,130.1
28/08/2017 22:07:55,1,1,1,161.8,136.3
28/08/2017 22:07:55,1,1,1,155.0,122.5
28/08/2017 22:07:56,1,1,1,123.6,089.9
28/08/2017 22:07:56,1,1,1,109.2,063.9
28/08/2017 22:07:56,1,1,1,079.4,039.1
28/08/2017 22:07:56,1,1,1,093.9,051.9
28/08/2017 22:07:56,1,1,1,113.2,106.8
28/08/2017 22:07:57,1,1,1,121.4,148.6
28/08/2017 22:07:57,1,1,1,121.3,166.6
28/08/2017 22:07:57,1,1,1,087.7,166.1
28/08/2017 22:07:57,1,1,1,076.4,178.7
28/08/2017 22:07:57,1,1,1,064.7,180.4
28/08/2017 22:07:58,1,1,1,059.6,166.5
28/08/2017 22:07:58,1,1,1,081.4,171.3
28/08/2017 22:07:58,1,1,1,084.0,183.2
28/08/2017 22:07:58,1,1,1,076.1,185.3
28/08/2017 22:07:58,1,1,1,094.2,192.7
28/08/2017 22:07:59,1,1,1,114.3,185.7
28/08/2017 22:07:59,1,1,1,151.2,184.9
28/08/2017 22:07:59,1,1,1,156.9,166.9
28/08/2017 22:07:59,1,1,1,161.8,184.9
28/08/2017 22:08:00,1,1,1,152.7,209.9
28/08/2017 22:08:00,1,1,1,116.2,205.9
28/08/2017 22:08:00,1,1,1,082.8,163.5
28/08/2017 22:08:00,1,1,1,083.1,162.8
28/08/2017 22:08:00,1,1,1,081.5,176.6
28/08/2017 22:08:01,1,1,1,045.8,176.5
28/08/2017 22:08:01,1,1,1,068.2,156.2
28/08/2017 22:08:01,1,1,1,067.9,121.0
28/08/2017 22:08:01,1,1,1,073.8,107.8
28/08/2017 22:08:01,1,1,1,096.9,105.7
28/08/2017 22:08:02,1,1,1,128.5,104.4
28/08/2017 22:08:02,1,1,1,153.4,080.1
28/08/2017 22:08:02,1,1,1,152.1,076.7
28/08/2017 22:08:02,1,1,1,153.0,072.8
28/08/2017 22:08:02,1,1,1,139.3,065.4
28/08/2017 22:08:03,1,1,1,140.6,043.2
28/08/2017 22:08:03,1,1,1,137.3,058.6
28/08/2017 22:08:03,1,1,1,140.3,082.0
28/08/2017 22:08:03,1,1,1,140.0,095.8
28/08/2017 22:08:04,1,1,1,125.2,101.0
28/08/2017 22:08:04,1,1,1,145.8,122.8
28/08/2017 22:08:04,1,1,1,146.0,136.0
28/08/2017 22:08:04,1,1,1,135.1,144.0
28/08/2017 22:08:04,1,1,1,153.2,153.5
28/08/2017 22:08:05,1,1,1,168.4,153.7
28/08/2017 22:08:05,1,1,1,170.4,151.0
28/08/2017 22:08:05,1,1,1,160.4,130.2
28/08/2017 22:08:05,1,1,1,148.5,120.2
28/08/2017 22:08:05,1,1,1,145.1,117.8
28/08/2017 22:08:06,1,1,1,123.8,126.4
28/08/2017 22:08:06,1,1,1,117.3,145.1
28/08/2017 22:08:06,1,1,1,081.8,147.4
28/08/2017 22:08:06,1,1,1,107.7,147.5
28/08/2017 22:08:07,1,1,1,117.1,151.2
28/08/2017 22:08:07,1,1,1,127.0,149.2
28/08/2017 22:08:07,1,1,1,126.4,125.0
28/08/2017 22:08:07,1,1,1,109.7,110.6
28/08/2017 22:08:07,1,1,1,111.7,108.0
28/08/2017 22:08:08,1,1,1,132.0,112.4
28/08/2017 22:08:08,1,1,1,169.5,111.8
28/08/2017 22:08:08,1,1,1,190.7,113.9
28/08/2017 22:08:08,1,1,1,191.2,113.0
28/08/2017 22:08:08,1,1,1,181.3,125.7
28/08/2017 22:08:09,1,1,1,198.9,143.4
28/08/2017 22:08:09,1,1,1,178.1,135.1
28/08/2017 22:08:09,1,1,1,187.3,107.6
28/08/2017 22:08:09,1,1,1,188.3,110.1
28/08/2017 22:08:09,1,1,1,188.5,123.4
28/08/2017 22:08:10,1,1,1,179.1,129.7
28/08/2017 22:08:10,1,1,1,181.9,145.9
28/08/2017 22:08:10,1,1,1,175.9,141.3
28/08/2017 22:08:10,1,1,1,192.4,159.0
28/08/2017 22:08:11,1,1,1,188.8,168.4
28/08/2017 22:08:11,1,1,1,176.5,168.1
28/08/2017 22:08:11,1,1,1,149.6,170.7
28/08/2017 22:08:11,1,1,1,146.4,168.9
28/08/2017 22:08:11,1,1,1,159.6,147.5
28/08/2017 22:08:12,1,1,1,167.4,141.2
28/08/2017 22:08:12,1,1,1,168.6,162.5
28/08/2017 22:08:12,1,1,1,168.4,163.2
28/08/2017 22:08:12,1,1,1,169.4,171.1
28/08/2017 22:08:12,1,1,1,162.0,171.4
28/08/2017 22:08:13,1,1,1,151.4,158.5
28/08/2017 22:08:13,1,1,1,120.4,176.7
28/08/2017 22:08:13,1,1,1,086.4,177.1
28/08/2017 22:08:13,1,1,1,086.0,178.0
28/08/2017 22:08:14,1,1,1,095.1,181.5
28/08/2017 22:08:14,1,1,1,129.6,168.9
28/08/2017 22:08:14,1,1,1,181.0,147.5
28/08/2017 22:08:14,1,1,1,183.4,132.1
28/08/2017 22:08:14,1,1,1,171.5,119.8
28/08/2017 22:08:15,1,1,1,154.4,107.0
28/08/2017 22:08:15,1,1,1,150.6,107.8
28/08/2017 22:08:15,1,1,1,131.9,095.8
28/08/2017 22:08:15,1,1,1,134.9,102.6
28/08/2017 22:08:15,1,1,1,134.8,114.9
28/08/2017 22:08:16,1,1,1,132.6,129.6
28/08/2017 22:08:16,1,1,1,127.5,150.4
28/08/2017 22:08:16,1,1,1,127.2,170.7
28/08/2017 22:08:16,1,1,1,124.6,168.7
28/08/2017 22:08:16,1,1,1,105.8,149.3
28/08/2017 22:08:17,1,1,1,105.5,147.9
28/08/2017 22:08:17,1,1,1,086.8,184.6
28/08/2017 22:08:17,1,1,1,089.4,205.8
28/08/2017 22:08:17,1,1,1,089.6,200.5
28/08/2017 22:08:18,1,1,1,090.7,166.5
28/08/2017 22:08:18,1,1,1,095.0,149.9
28/08/2017 22:08:18,1,1,1,092.4,144.0
28/08/2017 22:08:18,1,1,1,077.0,143.7
28/08/2017 22:08:18,1,1,1,080.0,133.7
28/08/2017 22:08:19,1,1,1,101.3,113.3
28/08/2017 22:08:19,1,1,1,152.4,145.3
28/08/2017 22:08:19,1,1,1,192.3,183.7
28/08/2017 22:08:19,1,1,1,197.2,188.4
28/08/2017 22:08:19,1,1,1,186.0,175.3
28/08/2017 22:08:20,1,1,1,173.6,134.6
28/08/2017 22:08:20,1,1,1,168.3,122.3
28/08/2017 22:08:20,1,1,1,163.6,095.1
28/08/2017 22:08:20,1,1,1,166.4,121.2
28/08/2017 22:08:20,1,1,1,166.8,123.4
28/08/2017 22:08:21,1,1,1,169.3,109.5
28/08/2017 22:08:21,1,1,1,143.8,089.6
28/08/2017 22:08:21,1,1,1,134.6,056.4
28/08/2017 22:08:21,1,1,1,134.9,074.9
28/08/2017 22:08:22,1,1,1,146.8,113.2
28/08/2017 22:08:22,1,1,1,150.3,143.5
28/08/2017 22:08:22,1,1,1,156.9,162.2
28/08/2017 22:08:22,1,1,1,157.0,160.8
28/08/2017 22:08:22,1,1,1,140.4,139.2
28/08/2017 22:08:23,1,1,1,112.4,111.1
28/08/2017 22:08:23,1,1,1,102.6,099.0
28/08/2017 22:08:23,1,1,1,102.9,119.3
28/08/2017 22:08:23,1,1,1,083.2,122.7
28/08/2017 22:08:23,1,1,1,078.5,119.0
28/08/2017 22:08:24,1,1,1,077.9,093.9
28/08/2017 22:08:24,1,1,1,087.3,110.4
28/08/2017 22:08:24,1,1,1,097.9,131.5
28/08/2017 22:08:24,1,1,1,095.9,144.5
28/08/2017 22:08:24,1,1,1,082.6,144.5
28/08/2017 22:08:25,1,1,1,090.1,112.0
28/08/2017 22:08:25,1,1,1,097.9,097.5
28/08/2017 22:08:25,1,1,1,096.7,049.8
28/08/2017 22:08:25,1,1,1,102.4,078.0
28/08/2017 22:08:26,1,1,1,096.2,118.7
28/08/2017 22:08:26,1,1,1,075.5,145.7
28/08/2017 22:08:26,1,1,1,077.5,148.2
28/08/2017 22:08:26,1,1,1,074.9,144.4
28/08/2017 22:08:26,1,1,1,067.3,144.6
28/08/2017 22:08:27,1,1,1,055.2,140.8
28/08/2017 22:08:27,1,1,1,042.0,125.1
28/08/2017 22:08:27,1,1,1,062.5,124.3
28/08/2017 22:08:27,1,1,1,076.4,127.1
28/08/2017 22:08:27,1,1,1,079.1,119.2
28/08/2017 22:08:28,1,1,1,095.4,156.4
28/08/2017 22:08:28,1,1,1,135.9,179.0
28/08/2017 22:08:28,1,1,1,142.2,163.5
28/08/2017 22:08:28,1,1,1,140.7,161.3
28/08/2017 22:08:29,1,1,1,129.5,141.1
28/08/2017 22:08:29,1,1,1,127.2,115.3
28/08/2017 22:08:29,1,1,1,161.4,120.1
28/08/2017 22:08:29,1,1,1,166.4,117.8
28/08/2017 22:08:29,1,1,1,160.2,114.1
28/08/2017 22:08:30,1,1,1,136.4,101.2
28/08/2017 22:08:30,1,1,1,146.3,078.4
28/08/2017 22:08:30,1,1,1,153.6,074.4
28/08/2017 22:08:30,1,1,1,161.4,053.1
28/08/2017 22:08:30,1,1,1,171.8,081.5
28/08/2017 22:08:31,1,1,1,172.8,097.7
28/08/2017 22:08:31,1,1,1,159.0,110.9
28/08/2017 22:08:31,1,1,1,161.6,104.3
28/08/2017 22:08:31,1,1,1,159.3,096.3
28/08/2017 22:08:31,1,1,1,126.2,091.1
28/08/2017 22:08:32,1,1,1,101.3,088.2
28/08/2017 22:08:32,1,1,1,077.6,091.4
28/08/2017 22:08:32,1,1,1,064.0,092.2
28/08/2017 22:08:32,1,1,1,093.1,092.1
28/08/2017 22:08:33,1,1,1,121.8,129.1
28/08/2017 22:08:33,1,1,1,124.2,128.1
28/08/2017 22:08:33,1,1,1,106.1,132.3
28/08/2017 22:08:33,1,1,1,103.8,134.1
28/08/2017 22:08:33,1,1,1,139.8,146.0
28/08/2017 22:08:34,1,1,1,153.8,156.2
28/08/2017 22:08:34,1,1,1,154.4,174.0
28/08/2017 22:08:34,1,1,1,146.6,173.0
28/08/2017 22:08:34,1,1,1,140.9,182.8
28/08/2017 22:08:34,1,1,1,133.7,179.6
28/08/2017 22:08:35,1,1,1,119.9,148.3
28/08/2017 22:08:35,1,1,1,110.6,128.4
28/08/2017 22:08:35,1,1,1,111.7,122.3
28/08/2017 22:08:35,1,1,1,132.5,126.3
28/08/2017 22:08:36,1,1,1,130.1,124.8
28/08/2017 22:08:36,1,1,1,095.8,105.6
28/08/2017 22:08:36,1,1,1,078.3,086.1
28/08/2017 22:08:36,1,1,1,067.2,073.4
28/08/2017 22:08:36,1,1,1,118.9,074.7
28/08/2017 22:08:37,1,1,1,165.9,076.2
28/08/2017 22:08:37,1,1,1,174.0,107.6
28/08/2017 22:08:37,1,1,1,173.6,123.7
28/08/2017 22:08:37,1,1,1,172.1,123.5
28/08/2017 22:08:37,1,1,1,172.8,103.2
28/08/2017 22:08:38,1,1,1,171.7,095.3
28/08/2017 22:08:38,1,1,1,161.9,131.5
28/08/2017 22:08:38,1,1,1,156.5,136.4
28/08/2017 22:08:38,1,1,1,167.7,148.8
28/08/2017 22:08:39,1,1,1,166.8,195.0
28/08/2017 22:08:39,1,1,1,153.6,195.2
28/08/2017 22:08:39,1,1,1,138.6,167.6
28/08/2017 22:08:39,1,1,1,105.4,157.6
28/08/2017 22:08:39,1,1,1,121.2,160.5
28/08/2017 22:08:40,1,1,1,149.0,164.0
28/08/2017 22:08:40,1,1,1,165.5,176.7
28/08/2017 22:08:40,1,1,1,192.7,179.7
28/08/2017 22:08:40,1,1,1,192.7,178.4
28/08/2017 22:08:40,1,1,1,187.2,165.6
28/08/2017 22:08:41,1,1,1,163.8,156.0
28/08/2017 22:08:41,1,1,1,121.7,137.8
28/08/2017 22:08:41,1,1,1,100.8,093.1
28/08/2017 22:08:41,1,1,1,116.3,092.3
28/08/2017 22:08:41,1,1,1,129.2,085.0
28/08/2017 22:08:42,1,1,1,134.3,068.0
28/08/2017 22:08:42,1,1,1,140.9,062.9
28/08/2017 22:08:42,1,1,1,134.8,047.1
28/08/2017 22:08:42,1,1,1,112.9,044.2
28/08/2017 22:08:43,1,1,1,109.7,049.2
28/08/2017 22:08:43,1,1,1,137.0,048.0
28/08/2017 22:08:43,1,1,1,154.1,047.9
28/08/2017 22:08:43,1,1,1,154.5,051.2
28/08/2017 22:08:43,1,1,1,142.7,073.5
28/08/2017 22:08:44,1,1,1,111.6,102.4
28/08/2017 22:08:44,1,1,1,099.9,105.6
28/08/2017 22:08:44,1,1,1,085.2,104.5
28/08/2017 22:08:44,1,1,1,084.0,099.6
28/08/2017 22:08:44,1,1,1,132.1,088.9
28/08/2017 22:08:45,1,1,1,165.0,058.2
28/08/2017 22:08:45,1,1,1,170.5,057.5
28/08/2017 22:08:45,1,1,1,176.4,070.4
28/08/2017 22:08:45,1,1,1,169.2,071.3
28/08/2017 22:08:46,1,1,1,131.2,103.2
28/08/2017 22:08:46,1,1,1,129.6,137.1
28/08/2017 22:08:46,1,1,1,086.5,149.9
28/08/2017 22:08:46,1,1,1,089.6,156.3
28/08/2017 22:08:46,1,1,1,065.7,140.2
28/08/2017 22:08:47,1,1,1,052.2,122.0
28/08/2017 22:08:47,1,1,1,063.1,096.0
28/08/2017 22:08:47,1,1,1,055.2,091.5
28/08/2017 22:08:47,1,1,1,052.2,068.3
28/08/2017 22:08:47,1,1,1,061.7,093.1
28/08/2017 22:08:48,1,1,1,089.1,098.1
28/08/2017 22:08:48,1,1,1,157.1,096.4
28/08/2017 22:08:48,1,1,1,171.6,086.4
28/08/2017 22:08:48,1,1,1,170.8,080.0
28/08/2017 22:08:48,1,1,1,184.5,141.2
28/08/2017 22:08:49,1,1,1,192.8,150.2
28/08/2017 22:08:49,1,1,1,202.1,138.9
28/08/2017 22:08:49,1,1,1,210.2,113.3
28/08/2017 22:08:49,1,1,1,198.9,152.6
28/08/2017 22:08:50,1,1,1,200.9,153.6
28/08/2017 22:08:50,1,1,1,194.3,162.8
28/08/2017 22:08:50,1,1,1,171.2,163.2
28/08/2017 22:08:50,1,1,1,132.6,151.6
28/08/2017 22:08:50,1,1,1,173.8,140.7
28/08/2017 22:08:51,1,1,1,188.1,127.6
28/08/2017 22:08:51,1,1,1,180.3,133.2
28/08/2017 22:08:51,1,1,1,168.2,158.1
28/08/2017 22:08:51,1,1,1,148.5,172.5
28/08/2017 22:08:51,1,1,1,160.0,174.5
28/08/2017 22:08:52,1,1,1,158.6,156.5
28/08/2017 22:08:52,1,1,1,134.0,147.8
28/08/2017 22:08:52,1,1,1,092.2,137.8
28/08/2017 22:08:52,1,1,1,115.7,130.8
28/08/2017 22:08:53,1,1,1,148.2,104.4
28/08/2017 22:08:53,1,1,1,167.0,068.3
28/08/2017 22:08:53,1,1,1,185.9,094.5
28/08/2017 22:08:53,1,1,1,190.1,099.0
28/08/2017 22:08:53,1,1,1,186.2,109.2
28/08/2017 22:08:54,1,1,1,142.5,138.5
28/08/2017 22:08:54,1,1,1,134.8,146.6
28/08/2017 22:08:54,1,1,1,159.5,144.4
28/08/2017 22:08:54,1,1,1,160.5,141.4
28/08/2017 22:08:54,1,1,1,140.9,146.3
28/08/2017 22:08:55,1,1,1,140.3,146.4
28/08/2017 22:08:55,1,1,1,117.9,126.9
28/08/2017 22:08:55,1,1,1,083.0,115.6
28/08/2017 22:08:55,1,1,1,120.0,114.8
28/08/2017 22:08:55,1,1,1,132.9,120.9
28/08/2017 22:08:56,1,1,1,149.4,112.5
28/08/2017 22:08:56,1,1,1,149.7,088.6
28/08/2017 22:08:56,1,1,1,140.8,086.0
28/08/2017 22:08:56,1,1,1,123.0,084.1
28/08/2017 22:08:57,1,1,1,106.7,066.5
28/08/2017 22:08:57,1,1,1,105.2,059.7
28/08/2017 22:08:57,1,1,1,078.8,057.8
28/08/2017 22:08:57,1,1,1,093.2,056.6
28/08/2017 22:08:57,1,1,1,099.5,049.7
28/08/2017 22:08:58,1,1,1,122.4,072.4
28/08/2017 22:08:58,1,1,1,134.5,112.9
28/08/2017 22:08:58,1,1,1,143.7,124.3
28/08/2017 22:08:58,1,1,1,144.6,134.3
28/08/2017 22:08:58,1,1,1,145.2,143.0
28/08/2017 22:08:59,1,1,1,126.9,141.7
28/08/2017 22:08:59,1,1,1,168.7,145.1
28/08/2017 22:08:59,1,1,1,180.7,162.1
28/08/2017 22:08:59,1,1,1,179.1,169.0
28/08/2017 22:08:59,1,1,1,162.2,166.3
28/08/2017 22:09:00,1,1,1,125.7,116.7
28/08/2017 22:09:00,1,1,1,097.9,128.1
28/08/2017 22:09:00,1,1,1,056.2,139.8
28/08/2017 22:09:00,1,1,1,050.2,129.1
28/08/2017 22:09:01,1,1,1,063.2,108.4
28/08/2017 22:09:01,1,1,1,078.4,108.5
28/08/2017 22:09:01,1,1,1,112.6,087.8
28/08/2017 22:09:01,1,1,1,121.8,062.5
28/08/2017 22:09:01,1,1,1,119.4,084.2
28/08/2017 22:09:02,1,1,1,151.2,108.9
28/08/2017 22:09:02,1,1,1,161.1,157.7
28/08/2017 22:09:02,1,1,1,191.9,193.9
28/08/2017 22:09:02,1,1,1,193.2,205.1
28/08/2017 22:09:02,1,1,1,180.8,194.5
28/08/2017 22:09:03,1,1,1,158.9,155.5
28/08/2017 22:09:03,1,1,1,141.1,157.5
28/08/2017 22:09:03,1,1,1,097.7,150.5
28/08/2017 22:09:03,1,1,1,107.9,140.9
28/08/2017 22:09:03,1,1,1,111.8,140.5
28/08/2017 22:09:04,1,1,1,112.7,142.2
28/08/2017 22:09:04,1,1,1,110.2,164.9
28/08/2017 22:09:04,1,1,1,119.8,167.9
28/08/2017 22:09:04,1,1,1,133.7,175.1
28/08/2017 22:09:05,1,1,1,123.6,172.1
28/08/2017 22:09:05,1,1,1,123.2,148.3
28/08/2017 22:09:05,1,1,1,125.8,112.6
28/08/2017 22:09:05,1,1,1,122.7,110.5
28/08/2017 22:09:05,1,1,1,136.8,112.7
28/08/2017 22:09:06,1,1,1,155.6,102.1
28/08/2017 22:09:06,1,1,1,158.2,094.7
28/08/2017 22:09:06,1,1,1,168.1,075.4
28/08/2017 22:09:06,1,1,1,170.2,082.5
28/08/2017 22:09:07,1,1,1,168.1,115.3
28/08/2017 22:09:07,1,1,1,138.4,151.7
28/08/2017 22:09:07,1,1,1,107.8,161.5
28/08/2017 22:09:07,1,1,1,098.6,158.2
28/08/2017 22:09:07,1,1,1,120.7,148.7
28/08/2017 22:09:08,1,1,1,130.0,151.3
28/08/2017 22:09:08,1,1,1,124.7,159.0
28/08/2017 22:09:08,1,1,1,105.0,161.2
28/08/2017 22:09:08,1,1,1,092.2,162.1
28/08/2017 22:09:08,1,1,1,110.4,164.3
28/08/2017 22:09:09,1,1,1,111.3,170.7
28/08/2017 22:09:09,1,1,1,108.5,152.3
28/08/2017 22:09:09,1,1,1,079.4,105.5
28/08/2017 22:09:09,1,1,1,098.7,089.6
28/08/2017 22:09:09,1,1,1,104.2,088.2
28/08/2017 22:09:10,1,1,1,101.7,108.3
28/08/2017 22:09:10,1,1,1,133.9,109.2
28/08/2017 22:09:10,1,1,1,137.3,126.7
28/08/2017 22:09:10,1,1,1,131.4,117.5
28/08/2017 22:09:11,1,1,1,140.0,105.2
28/08/2017 22:09:11,1,1,1,139.6,099.5
28/08/2017 22:09:11,1,1,1,105.6,078.1
28/08/2017 22:09:11,1,1,1,060.4,040.8
28/08/2017 22:09:11,1,1,1,114.0,067.2
28/08/2017 22:09:12,1,1,1,159.1,094.3
28/08/2017 22:09:12,1,1,1,166.2,140.9
28/08/2017 22:09:12,1,1,1,162.6,151.5
28/08/2017 22:09:12,1,1,1,142.0,153.6
28/08/2017 22:09:12,1,1,1,126.7,145.7
28/08/2017 22:09:13,1,1,1,117.3,142.3
28/08/2017 22:09:13,1,1,1,114.0,134.8
28/08/2017 22:09:13,1,1,1,106.5,112.7
28/08/2017 22:09:13,1,1,1,085.2,112.7
28/08/2017 22:09:13,1,1,1,093.5,128.1
28/08/2017 22:09:14,1,1,1,111.2,127.2
28/08/2017 22:09:14,1,1,1,142.9,124.9
28/08/2017 22:09:14,1,1,1,144.3,112.5
28/08/2017 22:09:14,1,1,1,133.5,123.0
28/08/2017 22:09:14,1,1,1,115.9,142.6
28/08/2017 22:09:15,1,1,1,113.7,148.5
28/08/2017 22:09:15,1,1,1,092.6,143.2
28/08/2017 22:09:15,1,1,1,098.6,116.3
28/08/2017 22:09:15,1,1,1,132.4,150.3
28/08/2017 22:09:16,1,1,1,170.0,173.9
28/08/2017 22:09:16,1,1,1,174.2,171.0
28/08/2017 22:09:16,1,1,1,175.6,145.1
28/08/2017 22:09:16,1,1,1,179.1,129.7
28/08/2017 22:09:16,1,1,1,182.8,115.4
28/08/2017 22:09:17,1,1,1,184.6,096.8
28/08/2017 22:09:17,1,1,1,188.9,090.0
28/08/2017 22:09:17,1,1,1,184.8,106.7
28/08/2017 22:09:17,1,1,1,181.2,109.0
28/08/2017 22:09:17,1,1,1,148.7,088.3
28/08/2017 22:09:18,1,1,1,115.5,081.2
28/08/2017 22:09:18,1,1,1,072.5,117.7
28/08/2017 22:09:18,1,1,1,061.4,141.4
28/08/2017 22:09:18,1,1,1,058.3,137.0
28/08/2017 22:09:18,1,1,1,076.5,114.1
28/08/2017 22:09:19,1,1,1,099.5,120.9
28/08/2017 22:09:19,1,1,1,124.6,121.5
28/08/2017 22:09:19,1,1,1,125.0,125.3
28/08/2017 22:09:19,1,1,1,116.6,141.6
28/08/2017 22:09:20,1,1,1,150.2,129.1
28/08/2017 22:09:20,1,1,1,145.6,114.3
28/08/2017 22:09:20,1,1,1,094.9,118.7
28/08/2017 22:09:20,1,1,1,074.8,107.6
28/08/2017 22:09:20,1,1,1,076.6,118.7
28/08/2017 22:09:21,1,1,1,058.4,140.7
28/08/2017 22:09:21,1,1,1,057.3,130.5
28/08/2017 22:09:21,1,1,1,062.3,129.6
28/08/2017 22:09:21,1,1,1,100.2,135.6
28/08/2017 22:09:22,1,1,1,135.1,111.7
28/08/2017 22:09:22,1,1,1,138.4,093.3
28/08/2017 22:09:22,1,1,1,112.4,082.9
28/08/2017 22:09:22,1,1,1,103.8,082.4
28/08/2017 22:09:22,1,1,1,135.9,088.2
28/08/2017 22:09:23,1,1,1,142.8,081.3
28/08/2017 22:09:23,1,1,1,154.5,109.3
28/08/2017 22:09:23,1,1,1,154.2,122.1
28/08/2017 22:09:23,1,1,1,147.2,122.2
28/08/2017 22:09:23,1,1,1,158.1,113.3
28/08/2017 22:09:24,1,1,1,154.5,094.5
28/08/2017 22:09:24,1,1,1,146.0,091.1
28/08/2017 22:09:24,1,1,1,123.0,060.0
28/08/2017 22:09:24,1,1,1,113.1,056.4
28/08/2017 22:09:24,1,1,1,111.4,101.4
28/08/2017 22:09:25,1,1,1,110.1,106.7
28/08/2017 22:09:25,1,1,1,112.0,115.6
28/08/2017 22:09:25,1,1,1,120.4,127.6
28/08/2017 22:09:25,1,1,1,122.4,128.0
28/08/2017 22:09:26,1,1,1,114.5,151.9
28/08/2017 22:09:26,1,1,1,120.1,158.2
28/08/2017 22:09:26,1,1,1,150.9,133.7
28/08/2017 22:09:26,1,1,1,159.4,134.8
28/08/2017 22:09:26,1,1,1,151.0,134.1
28/08/2017 22:09:27,1,1,1,155.3,126.0
28/08/2017 22:09:27,1,1,1,185.6,108.0
28/08/2017 22:09:27,1,1,1,210.0,058.2
28/08/2017 22:09:27,1,1,1,210.1,074.1
28/08/2017 22:09:27,1,1,1,188.0,101.0
28/08/2017 22:09:28,1,1,1,121.5,115.3
28/08/2017 22:09:28,1,1,1,148.1,113.0
28/08/2017 22:09:28,1,1,1,155.6,113.5
28/08/2017 22:09:28,1,1,1,151.3,134.5
28/08/2017 22:09:29,1,1,1,102.7,134.0
28/08/2017 22:09:29,1,1,1,092.3,141.0
28/08/2017 22:09:29,1,1,1,082.2,168.7
28/08/2017 22:09:29,1,1,1,087.6,169.9
28/08/2017 22:09:29,1,1,1,096.2,158.1
28/08/2017 22:09:30,1,1,1,136.0,164.5
28/08/2017 22:09:30,1,1,1,162.3,164.3
28/08/2017 22:09:30,1,1,1,167.9,150.4
28/08/2017 22:09:30,1,1,1,162.4,146.1
28/08/2017 22:09:30,1,1,1,166.5,154.4
28/08/2017 22:09:31,1,1,1,166.6,151.5
28/08/2017 22:09:31,1,1,1,130.3,168.5
28/08/2017 22:09:31,1,1,1,098.7,185.5
28/08/2017 22:09:31,1,1,1,089.4,183.6
28/08/2017 22:09:31,1,1,1,101.0,170.1
28/08/2017 22:09:32,1,1,1,132.4,150.7
28/08/2017 22:09:32,1,1,1,157.9,140.1
28/08/2017 22:09:32,1,1,1,167.7,132.3
28/08/2017 22:09:32,1,1,1,172.7,138.6
28/08/2017 22:09:33,1,1,1,163.2,134.4
28/08/2017 22:09:33,1,1,1,140.5,112.0
28/08/2017 22:09:33,1,1,1,134.3,078.1
28/08/2017 22:09:33,1,1,1,132.0,069.5
28/08/2017 22:09:33,1,1,1,131.3,092.9
28/08/2017 22:09:34,1,1,1,093.6,083.3
28/08/2017 22:09:34,1,1,1,077.6,114.7
28/08/2017 22:09:34,1,1,1,079.3,116.4
28/08/2017 22:09:34,1,1,1,091.5,115.4
28/08/2017 22:09:34,1,1,1,102.3,126.8
28/08/2017 22:09:35,1,1,1,100.9,149.5
28/08/2017 22:09:35,1,1,1,105.6,151.1
28/08/2017 22:09:35,1,1,1,117.3,142.5
28/08/2017 22:09:35,1,1,1,113.9,134.1
28/08/2017 22:09:35,1,1,1,098.4,136.6
28/08/2017 22:09:36,1,1,1,045.5,127.2
28/08/2017 22:09:36,1,1,1,049.8,091.9
28/08/2017 22:09:36,1,1,1,064.5,059.7
28/08/2017 22:09:36,1,1,1,066.1,060.2
28/08/2017 22:09:37,1,1,1,083.4,072.6
28/08/2017 22:09:37,1,1,1,083.1,105.6
28/08/2017 22:09:37,1,1,1,066.7,105.4
28/08/2017 22:09:37,1,1,1,061.9,087.8
28/08/2017 22:09:37,1,1,1,093.3,103.0
28/08/2017 22:09:38,1,1,1,123.4,144.1
28/08/2017 22:09:38,1,1,1,121.9,162.1
28/08/2017 22:09:38,1,1,1,118.7,165.4
28/08/2017 22:09:38,1,1,1,101.6,152.9
28/08/2017 22:09:38,1,1,1,145.8,176.9
28/08/2017 22:09:39,1,1,1,150.7,187.3
28/08/2017 22:09:39,1,1,1,154.7,177.7
28/08/2017 22:09:39,1,1,1,141.6,176.8
28/08/2017 22:09:39,1,1,1,150.4,174.5
28/08/2017 22:09:39,1,1,1,148.7,164.7
28/08/2017 22:09:40,1,1,1,130.7,159.7
28/08/2017 22:09:40,1,1,1,106.8,157.1
28/08/2017 22:09:40,1,1,1,074.3,171.9
28/08/2017 22:09:40,1,1,1,065.8,161.1
28/08/2017 22:09:41,1,1,1,084.2,139.9
28/08/2017 22:09:41,1,1,1,117.0,130.3
28/08/2017 22:09:41,1,1,1,169.2,142.6
28/08/2017 22:09:41,1,1,1,175.9,146.2
28/08/2017 22:09:41,1,1,1,172.9,142.4
28/08/2017 22:09:42,1,1,1,172.1,144.6
28/08/2017 22:09:42,1,1,1,172.2,132.9
28/08/2017 22:09:42,1,1,1,155.8,122.8
28/08/2017 22:09:42,1,1,1,151.9,117.5
28/08/2017 22:09:42,1,1,1,147.5,100.6
28/08/2017 22:09:43,1,1,1,156.8,106.4
28/08/2017 22:09:43,1,1,1,166.3,114.3
28/08/2017 22:09:43,1,1,1,173.8,116.6
28/08/2017 22:09:43,1,1,1,183.1,110.0
28/08/2017 22:09:43,1,1,1,184.4,139.6
28/08/2017 22:09:44,1,1,1,174.3,150.7
28/08/2017 22:09:44,1,1,1,145.5,137.1
28/08/2017 22:09:44,1,1,1,150.0,113.4
28/08/2017 22:09:44,1,1,1,148.6,115.7
28/08/2017 22:09:45,1,1,1,139.5,111.4
28/08/2017 22:09:45,1,1,1,138.4,091.6
28/08/2017 22:09:45,1,1,1,140.2,114.4
28/08/2017 22:09:45,1,1,1,129.8,111.5
28/08/2017 22:09:45,1,1,1,142.6,115.4
28/08/2017 22:09:46,1,1,1,163.2,116.4
28/08/2017 22:09:46,1,1,1,171.0,113.9
28/08/2017 22:09:46,1,1,1,177.9,126.2
28/08/2017 22:09:46,1,1,1,178.4,128.2
28/08/2017 22:09:46,1,1,1,148.3,135.0
28/08/2017 22:09:47,1,1,1,133.2,123.6
28/08/2017 22:09:47,1,1,1,110.3,093.0
28/08/2017 22:09:47,1,1,1,104.9,074.2
28/08/2017 22:09:47,1,1,1,104.1,068.1
28/08/2017 22:09:47,1,1,1,104.2,090.8
28/08/2017 22:09:48,1,1,1,106.1,127.3
28/08/2017 22:09:48,1,1,1,106.5,156.0
28/08/2017 22:09:48,1,1,1,098.0,168.7
28/08/2017 22:09:48,1,1,1,114.8,174.8
28/08/2017 22:09:49,1,1,1,135.2,176.2
28/08/2017 22:09:49,1,1,1,135.7,181.2
28/08/2017 22:09:49,1,1,1,114.9,179.1
28/08/2017 22:09:49,1,1,1,100.8,180.4
28/08/2017 22:09:49,1,1,1,094.9,176.4
28/08/2017 22:09:50,1,1,1,084.7,136.3
28/08/2017 22:09:50,1,1,1,091.8,108.3
28/08/2017 22:09:50,1,1,1,097.8,132.9
28/08/2017 22:09:50,1,1,1,098.3,134.0
28/08/2017 22:09:50,1,1,1,075.7,114.9
28/08/2017 22:09:51,1,1,1,099.1,123.2
28/08/2017 22:09:51,1,1,1,147.4,124.0
28/08/2017 22:09:51,1,1,1,178.2,126.2
28/08/2017 22:09:51,1,1,1,174.9,126.9
28/08/2017 22:09:51,1,1,1,171.9,120.3
28/08/2017 22:09:52,1,1,1,171.9,071.9
28/08/2017 22:09:52,1,1,1,136.4,081.4
28/08/2017 22:09:52,1,1,1,124.5,081.9
28/08/2017 22:09:52,1,1,1,128.0,088.3
28/08/2017 22:09:53,1,1,1,137.9,134.1
28/08/2017 22:09:53,1,1,1,167.0,144.2
28/08/2017 22:09:53,1,1,1,189.0,154.2
28/08/2017 22:09:53,1,1,1,189.3,154.8
28/08/2017 22:09:53,1,1,1,176.3,149.0
28/08/2017 22:09:54,1,1,1,177.4,129.6
28/08/2017 22:09:54,1,1,1,164.6,119.4
28/08/2017 22:09:54,1,1,1,149.7,096.1
28/08/2017 22:09:54,1,1,1,139.1,088.6
28/08/2017 22:09:54,1,1,1,140.3,121.5
28/08/2017 22:09:55,1,1,1,174.5,142.8
28/08/2017 22:09:55,1,1,1,190.4,163.8
28/08/2017 22:09:55,1,1,1,194.1,165.3
28/08/2017 22:09:55,1,1,1,183.9,171.4
28/08/2017 22:09:56,1,1,1,169.4,178.6
28/08/2017 22:09:56,1,1,1,169.2,178.1
28/08/2017 22:09:56,1,1,1,142.0,149.2
28/08/2017 22:09:56,1,1,1,144.3,142.8
28/08/2017 22:09:56,1,1,1,132.5,136.0
28/08/2017 22:09:57,1,1,1,103.5,099.3
28/08/2017 22:09:57,1,1,1,103.1,088.6
28/08/2017 22:09:57,1,1,1,101.3,118.4
28/08/2017 22:09:57,1,1,1,102.4,125.5
28/08/2017 22:09:57,1,1,1,078.8,122.2
28/08/2017 22:09:58,1,1,1,075.5,102.3
28/08/2017 22:09:58,1,1,1,066.6,078.9
28/08/2017 22:09:58,1,1,1,072.5,066.3
28/08/2017 22:09:58,1,1,1,072.0,085.0
28/08/2017 22:09:58,1,1,1,096.1,087.8
28/08/2017 22:09:59,1,1,1,140.9,105.8
28/08/2017 22:09:59,1,1,1,189.1,114.8
28/08/2017 22:09:59,1,1,1,191.5,124.3
28/08/2017 22:09:59,1,1,1,176.8,133.9
28/08/2017 22:10:00,1,1,1,149.7,133.3
28/08/2017 22:10:00,1,1,1,140.1,112.5
28/08/2017 22:10:00,1,1,1,142.1,108.9
28/08/2017 22:10:00,1,1,1,143.6,111.7
28/08/2017 22:10:00,1,1,1,142.1,118.3
28/08/2017 22:10:01,1,1,1,123.7,128.2
28/08/2017 22:10:01,1,1,1,143.2,153.5
28/08/2017 22:10:01,1,1,1,144.2,186.6
28/08/2017 22:10:01,1,1,1,155.4,186.4
28/08/2017 22:10:01,1,1,1,160.9,172.2
28/08/2017 22:10:02,1,1,1,160.1,173.8
28/08/2017 22:10:02,1,1,1,138.7,199.0
28/08/2017 22:10:02,1,1,1,106.9,191.4
28/08/2017 22:10:02,1,1,1,119.9,185.8
28/08/2017 22:10:02,1,1,1,120.1,177.1
28/08/2017 22:10:03,1,1,1,123.1,151.8
28/08/2017 22:10:03,1,1,1,127.0,109.6
28/08/2017 22:10:03,1,1,1,109.0,068.8
28/08/2017 22:10:03,1,1,1,104.7,094.9
28/08/2017 22:10:04,1,1,1,083.6,111.1
28/08/2017 22:10:04,1,1,1,076.1,148.9
28/08/2017 22:10:04,1,1,1,070.1,186.1
28/08/2017 22:10:04,1,1,1,054.7,185.1
28/08/2017 22:10:04,1,1,1,057.1,178.3
28/08/2017 22:10:05,1,1,1,088.6,150.1
28/08/2017 22:10:05,1,1,1,127.8,125.5
28/08/2017 22:10:05,1,1,1,153.2,106.4
28/08/2017 22:10:05,1,1,1,153.9,110.1
28/08/2017 22:10:05,1,1,1,139.4,121.0
28/08/2017 22:10:06,1,1,1,127.5,147.0
28/08/2017 22:10:06,1,1,1,113.6,147.3
28/08/2017 22:10:06,1,1,1,119.1,134.0
28/08/2017 22:10:06,1,1,1,114.9,139.6
28/08/2017 22:10:06,1,1,1,116.4,156.6
28/08/2017 22:10:07,1,1,1,116.5,164.9
28/08/2017 22:10:07,1,1,1,093.9,167.8
28/08/2017 22:10:07,1,1,1,093.5,169.4
28/08/2017 22:10:07,1,1,1,105.8,169.2
28/08/2017 22:10:08,1,1,1,108.0,156.8
28/08/2017 22:10:08,1,1,1,112.2,142.1
28/08/2017 22:10:08,1,1,1,107.3,164.0
28/08/2017 22:10:08,1,1,1,099.7,168.7
28/08/2017 22:10:08,1,1,1,106.0,195.2
28/08/2017 22:10:09,1,1,1,097.3,192.5
28/08/2017 22:10:09,1,1,1,124.2,186.6
28/08/2017 22:10:09,1,1,1,135.4,182.5
28/08/2017 22:10:09,1,1,1,129.7,155.1
28/08/2017 22:10:09,1,1,1,116.4,140.0
28/08/2017 22:10:10,1,1,1,104.0,145.8
28/08/2017 22:10:10,1,1,1,134.6,146.3
28/08/2017 22:10:10,1,1,1,140.3,151.9
28/08/2017 22:10:10,1,1,1,141.4,152.8
28/08/2017 22:10:10,1,1,1,136.2,152.8
28/08/2017 22:10:11,1,1,1,120.5,150.5
28/08/2017 22:10:11,1,1,1,102.1,114.9
28/08/2017 22:10:11,1,1,1,120.8,094.2
28/08/2017 22:10:11,1,1,1,117.3,087.9
28/08/2017 22:10:12,1,1,1,110.4,082.5
28/08/2017 22:10:12,1,1,1,099.2,100.4
28/08/2017 22:10:12,1,1,1,074.6,109.8
28/08/2017 22:10:12,1,1,1,060.9,114.4
28/08/2017 22:10:12,1,1,1,068.7,112.9
28/08/2017 22:10:13,1,1,1,097.3,090.9
28/08/2017 22:10:13,1,1,1,104.0,082.5
28/08/2017 22:10:13,1,1,1,119.5,063.1
28/08/2017 22:10:13,1,1,1,120.0,060.1
28/08/2017 22:10:13,1,1,1,141.5,073.6
28/08/2017 22:10:14,1,1,1,141.5,087.6
28/08/2017 22:10:14,1,1,1,129.4,087.6
28/08/2017 22:10:14,1,1,1,092.0,077.7
28/08/2017 22:10:14,1,1,1,128.7,073.5
28/08/2017 22:10:15,1,1,1,138.9,064.0
28/08/2017 22:10:15,1,1,1,147.3,061.5
28/08/2017 22:10:15,1,1,1,147.7,077.4
28/08/2017 22:10:15,1,1,1,139.8,078.4
28/08/2017 22:10:15,1,1,1,135.2,062.1
28/08/2017 22:10:16,1,1,1,122.5,043.0
28/08/2017 22:10:16,1,1,1,087.2,040.8
28/08/2017 22:10:16,1,1,1,053.8,038.2
28/08/2017 22:10:16,1,1,1,064.2,064.8
28/08/2017 22:10:16,1,1,1,088.2,118.0
28/08/2017 22:10:17,1,1,1,104.8,146.4
28/08/2017 22:10:17,1,1,1,127.3,170.8
28/08/2017 22:10:17,1,1,1,139.6,176.6
28/08/2017 22:10:17,1,1,1,137.0,172.6
28/08/2017 22:10:17,1,1,1,139.0,143.3
28/08/2017 22:10:18,1,1,1,149.5,135.0
28/08/2017 22:10:18,1,1,1,145.6,129.5
28/08/2017 22:10:18,1,1,1,136.8,117.5
28/08/2017 22:10:18,1,1,1,135.3,108.5
28/08/2017 22:10:19,1,1,1,125.5,116.6
28/08/2017 22:10:19,1,1,1,140.4,130.7
28/08/2017 22:10:19,1,1,1,140.4,132.9
28/08/2017 22:10:19,1,1,1,139.3,130.4
28/08/2017 22:10:19,1,1,1,165.0,113.5
28/08/2017 22:10:20,1,1,1,168.5,135.0
28/08/2017 22:10:20,1,1,1,147.9,126.4
28/08/2017 22:10:20,1,1,1,102.4,115.5
28/08/2017 22:10:20,1,1,1,088.2,116.2
28/08/2017 22:10:20,1,1,1,150.1,100.6
28/08/2017 22:10:21,1,1,1,182.5,114.6
28/08/2017 22:10:21,1,1,1,187.1,128.1
28/08/2017 22:10:21,1,1,1,199.5,134.9
28/08/2017 22:10:21,1,1,1,196.6,136.3
28/08/2017 22:10:22,1,1,1,155.4,111.6
28/08/2017 22:10:22,1,1,1,117.3,109.8
28/08/2017 22:10:22,1,1,1,132.2,095.0
28/08/2017 22:10:22,1,1,1,130.9,102.4
28/08/2017 22:10:22,1,1,1,116.9,110.4
28/08/2017 22:10:23,1,1,1,090.9,122.0
28/08/2017 22:10:23,1,1,1,081.7,130.5
28/08/2017 22:10:23,1,1,1,068.6,131.4
28/08/2017 22:10:23,1,1,1,072.6,129.1
28/08/2017 22:10:23,1,1,1,067.7,154.4
28/08/2017 22:10:24,1,1,1,088.3,172.7
28/08/2017 22:10:24,1,1,1,106.5,174.7
28/08/2017 22:10:24,1,1,1,120.9,169.2
28/08/2017 22:10:24,1,1,1,126.8,180.0
28/08/2017 22:10:24,1,1,1,110.5,181.7
28/08/2017 22:10:25,1,1,1,084.0,183.4
28/08/2017 22:10:25,1,1,1,094.2,189.3
28/08/2017 22:10:25,1,1,1,094.3,178.5
28/08/2017 22:10:25,1,1,1,103.9,178.3
28/08/2017 22:10:26,1,1,1,108.7,152.2
28/08/2017 22:10:26,1,1,1,108.6,123.1
28/08/2017 22:10:26,1,1,1,084.4,106.7
28/08/2017 22:10:26,1,1,1,064.8,107.3
28/08/2017 22:10:26,1,1,1,099.5,105.2
28/08/2017 22:10:27,1,1,1,111.4,089.3
28/08/2017 22:10:27,1,1,1,107.0,118.7
28/08/2017 22:10:27,1,1,1,082.5,124.6
28/08/2017 22:10:27,1,1,1,080.9,129.5
28/08/2017 22:10:27,1,1,1,108.2,152.8
28/08/2017 22:10:28,1,1,1,140.2,174.7
28/08/2017 22:10:28,1,1,1,186.4,176.4
28/08/2017 22:10:28,1,1,1,200.8,160.4
28/08/2017 22:10:28,1,1,1,202.1,145.5
28/08/2017 22:10:29,1,1,1,182.4,150.7
28/08/2017 22:10:29,1,1,1,119.4,148.6
28/08/2017 22:10:29,1,1,1,086.3,142.8
28/08/2017 22:10:29,1,1,1,040.7,145.4
28/08/2017 22:10:29,1,1,1,064.6,126.8
28/08/2017 22:10:30,1,1,1,096.6,099.2
28/08/2017 22:10:30,1,1,1,108.5,063.3
28/08/2017 22:10:30,1,1,1,114.1,066.1
28/08/2017 22:10:30,1,1,1,115.5,065.1
28/08/2017 22:10:30,1,1,1,119.3,086.8
28/08/2017 22:10:31,1,1,1,119.9,099.0
28/08/2017 22:10:31,1,1,1,132.5,097.6
28/08/2017 22:10:31,1,1,1,153.4,076.3
28/08/2017 22:10:31,1,1,1,153.3,083.9
28/08/2017 22:10:31,1,1,1,135.9,084.0
28/08/2017 22:10:32,1,1,1,135.3,103.7
28/08/2017 22:10:32,1,1,1,154.0,114.2
28/08/2017 22:10:32,1,1,1,166.7,117.2
28/08/2017 22:10:32,1,1,1,172.4,132.7
28/08/2017 22:10:33,1,1,1,168.3,130.3
28/08/2017 22:10:33,1,1,1,132.6,095.0
28/08/2017 22:10:33,1,1,1,124.0,082.7
28/08/2017 22:10:33,1,1,1,098.2,055.5
28/08/2017 22:10:33,1,1,1,096.9,051.2
28/08/2017 22:10:34,1,1,1,099.0,055.4
28/08/2017 22:10:34,1,1,1,105.3,077.0
28/08/2017 22:10:34,1,1,1,135.2,077.4
28/08/2017 22:10:34,1,1,1,135.3,104.7
28/08/2017 22:10:34,1,1,1,132.1,144.8
28/08/2017 22:10:35,1,1,1,143.0,155.3
28/08/2017 22:10:35,1,1,1,150.0,143.3
28/08/2017 22:10:35,1,1,1,158.2,149.2
28/08/2017 22:10:35,1,1,1,155.1,145.2
28/08/2017 22:10:36,1,1,1,155.8,103.0
28/08/2017 22:10:36,1,1,1,165.3,095.3
28/08/2017 22:10:36,1,1,1,169.7,095.9
28/08/2017 22:10:36,1,1,1,158.1,103.0
28/08/2017 22:10:36,1,1,1,167.0,103.3
28/08/2017 22:10:37,1,1,1,163.8,115.9
28/08/2017 22:10:37,1,1,1,155.4,120.9
28/08/2017 22:10:37,1,1,1,125.8,126.6
28/08/2017 22:10:37,1,1,1,110.3,130.0
28/08/2017 22:10:37,1,1,1,109.6,169.8
28/08/2017 22:10:38,1,1,1,099.1,185.5
28/08/2017 22:10:38,1,1,1,086.4,193.5
28/08/2017 22:10:38,1,1,1,091.0,189.2
28/08/2017 22:10:38,1,1,1,109.0,204.6
28/08/2017 22:10:38,1,1,1,109.0,202.1
28/08/2017 22:10:39,1,1,1,106.5,168.1
28/08/2017 22:10:39,1,1,1,105.6,157.9
28/08/2017 22:10:39,1,1,1,078.7,155.1
28/08/2017 22:10:39,1,1,1,102.1,148.7
28/08/2017 22:10:40,1,1,1,104.1,125.8
28/08/2017 22:10:40,1,1,1,123.4,115.4
28/08/2017 22:10:40,1,1,1,147.4,148.2
28/08/2017 22:10:40,1,1,1,153.5,154.8
28/08/2017 22:10:40,1,1,1,151.4,154.6
28/08/2017 22:10:41,1,1,1,134.0,133.5
28/08/2017 22:10:41,1,1,1,111.4,113.0
28/08/2017 22:10:41,1,1,1,108.6,095.3
28/08/2017 22:10:41,1,1,1,103.3,093.8
28/08/2017 22:10:41,1,1,1,107.8,113.3
28/08/2017 22:10:42,1,1,1,101.6,132.8
28/08/2017 22:10:42,1,1,1,101.2,133.6
28/08/2017 22:10:42,1,1,1,100.4,129.3
28/08/2017 22:10:42,1,1,1,099.3,130.6
28/08/2017 22:10:42,1,1,1,114.6,146.5
28/08/2017 22:10:43,1,1,1,132.1,153.5
28/08/2017 22:10:43,1,1,1,135.7,148.9
28/08/2017 22:10:43,1,1,1,143.9,110.8
28/08/2017 22:10:43,1,1,1,165.7,125.6
28/08/2017 22:10:44,1,1,1,171.2,159.9
28/08/2017 22:10:44,1,1,1,170.4,162.8
28/08/2017 22:10:44,1,1,1,180.0,164.6
28/08/2017 22:10:44,1,1,1,179.8,163.3
28/08/2017 22:10:44,1,1,1,164.1,159.1
28/08/2017 22:10:45,1,1,1,154.5,147.8
28/08/2017 22:10:45,1,1,1,126.4,124.0
28/08/2017 22:10:45,1,1,1,111.7,108.7
28/08/2017 22:10:45,1,1,1,110.1,108.8
28/08/2017 22:10:45,1,1,1,134.4,093.3
28/08/2017 22:10:46,1,1,1,163.0,086.4
28/08/2017 22:10:46,1,1,1,180.3,080.5
28/08/2017 22:10:46,1,1,1,170.6,070.1
28/08/2017 22:10:46,1,1,1,170.1,057.7
